CODI_PROVINCIA;PROVINCIA;CODI_MUNICIPI;MUNICIPI;ESTACIO;CODI_CONTAMINANT;ANY;MES;DIA;H12;V12
8;Barcelona;19;Barcelona;4;7;2024;3;1;5;V
8;Barcelona;19;Barcelona;4;7;2024;3;2;6;V
8;Barcelona;19;Barcelona;4;7;2024;3;3;3;V
8;Barcelona;19;Barcelona;4;7;2024;3;4;5;V
8;Barcelona;19;Barcelona;4;7;2024;3;5;5;V
8;Barcelona;19;Barcelona;4;7;2024;3;6;5;V
8;Barcelona;19;Barcelona;4;7;2024;3;7;3;V
8;Barcelona;19;Barcelona;4;7;2024;3;8;3;V
8;Barcelona;19;Barcelona;4;7;2024;3;9;4;V
8;Barcelona;19;Barcelona;4;7;2024;3;10;1;V
8;Barcelona;19;Barcelona;4;7;2024;3;11;3;V
8;Barcelona;19;Barcelona;4;7;2024;3;12;2;V
8;Barcelona;19;Barcelona;4;7;2024;3;13;23;V
8;Barcelona;19;Barcelona;4;7;2024;3;14;8;V
8;Barcelona;19;Barcelona;4;7;2024;3;15;2;V
8;Barcelona;19;Barcelona;4;7;2024;3;16;14;V
8;Barcelona;19;Barcelona;4;7;2024;3;17;5;V
8;Barcelona;19;Barcelona;4;7;2024;3;18;2;V
8;Barcelona;19;Barcelona;4;7;2024;3;19;13;V
8;Barcelona;19;Barcelona;4;7;2024;3;20;2;V
8;Barcelona;19;Barcelona;4;7;2024;3;21;2;V
8;Barcelona;19;Barcelona;4;7;2024;3;22;32;V
8;Barcelona;19;Barcelona;4;7;2024;3;23;5;V
8;Barcelona;19;Barcelona;4;7;2024;3;24;1;V
8;Barcelona;19;Barcelona;4;7;2024;3;25;3;V
8;Barcelona;19;Barcelona;4;7;2024;3;26;6;V
8;Barcelona;19;Barcelona;4;7;2024;3;27;4;V
8;Barcelona;19;Barcelona;4;7;2024;3;28;2;V
8;Barcelona;19;Barcelona;4;7;2024;3;29;4;V
8;Barcelona;19;Barcelona;4;7;2024;3;30;3;V
8;Barcelona;19;Barcelona;4;7;2024;3;31;2;V
8;Barcelona;19;Barcelona;4;8;2024;3;1;15;V
8;Barcelona;19;Barcelona;4;8;2024;3;2;28;V
8;Barcelona;19;Barcelona;4;8;2024;3;3;18;V
8;Barcelona;19;Barcelona;4;8;2024;3;4;17;V
8;Barcelona;19;Barcelona;4;8;2024;3;5;15;V
8;Barcelona;19;Barcelona;4;8;2024;3;6;18;V
8;Barcelona;19;Barcelona;4;8;2024;3;7;16;V
8;Barcelona;19;Barcelona;4;8;2024;3;8;14;V
8;Barcelona;19;Barcelona;4;8;2024;3;9;13;V
8;Barcelona;19;Barcelona;4;8;2024;3;10;7;V
8;Barcelona;19;Barcelona;4;8;2024;3;11;10;V
8;Barcelona;19;Barcelona;4;8;2024;3;12;10;V
8;Barcelona;19;Barcelona;4;8;2024;3;13;49;V
8;Barcelona;19;Barcelona;4;8;2024;3;14;29;V
8;Barcelona;19;Barcelona;4;8;2024;3;15;8;V
8;Barcelona;19;Barcelona;4;8;2024;3;16;42;V
8;Barcelona;19;Barcelona;4;8;2024;3;17;31;V
8;Barcelona;19;Barcelona;4;8;2024;3;18;11;V
8;Barcelona;19;Barcelona;4;8;2024;3;19;34;V
8;Barcelona;19;Barcelona;4;8;2024;3;20;8;V
8;Barcelona;19;Barcelona;4;8;2024;3;21;8;V
8;Barcelona;19;Barcelona;4;8;2024;3;22;95;V
8;Barcelona;19;Barcelona;4;8;2024;3;23;25;V
8;Barcelona;19;Barcelona;4;8;2024;3;24;6;V
8;Barcelona;19;Barcelona;4;8;2024;3;25;21;V
8;Barcelona;19;Barcelona;4;8;2024;3;26;33;V
8;Barcelona;19;Barcelona;4;8;2024;3;27;14;V
8;Barcelona;19;Barcelona;4;8;2024;3;28;10;V
8;Barcelona;19;Barcelona;4;8;2024;3;29;15;V
8;Barcelona;19;Barcelona;4;8;2024;3;30;14;V
8;Barcelona;19;Barcelona;4;8;2024;3;31;8;V
8;Barcelona;19;Barcelona;4;10;2024;3;1;12;V
8;Barcelona;19;Barcelona;4;10;2024;3;2;27;V
8;Barcelona;19;Barcelona;4;10;2024;3;3;9;V
8;Barcelona;19;Barcelona;4;10;2024;3;4;13;V
8;Barcelona;19;Barcelona;4;10;2024;3;5;15;V
8;Barcelona;19;Barcelona;4;10;2024;3;6;28;V
8;Barcelona;19;Barcelona;4;10;2024;3;7;17;V
8;Barcelona;19;Barcelona;4;10;2024;3;8;7;V
8;Barcelona;19;Barcelona;4;10;2024;3;9;28;V
8;Barcelona;19;Barcelona;4;10;2024;3;10;15;V
8;Barcelona;19;Barcelona;4;10;2024;3;11;11;V
8;Barcelona;19;Barcelona;4;10;2024;3;12;19;V
8;Barcelona;19;Barcelona;4;10;2024;3;13;38;V
8;Barcelona;19;Barcelona;4;10;2024;3;14;31;V
8;Barcelona;19;Barcelona;4;10;2024;3;15;24;V
8;Barcelona;19;Barcelona;4;10;2024;3;16;38;V
8;Barcelona;19;Barcelona;4;10;2024;3;17;38;V
8;Barcelona;19;Barcelona;4;10;2024;3;18;16;V
8;Barcelona;19;Barcelona;4;10;2024;3;19;29;V
8;Barcelona;19;Barcelona;4;10;2024;3;20;14;V
8;Barcelona;19;Barcelona;4;10;2024;3;21;21;V
8;Barcelona;19;Barcelona;4;10;2024;3;22;96;V
8;Barcelona;19;Barcelona;4;10;2024;3;23;33;V
8;Barcelona;19;Barcelona;4;10;2024;3;24;18;V
8;Barcelona;19;Barcelona;4;10;2024;3;25;13;V
8;Barcelona;19;Barcelona;4;10;2024;3;26;19;V
8;Barcelona;19;Barcelona;4;10;2024;3;27;10;V
8;Barcelona;19;Barcelona;4;10;2024;3;28;14;V
8;Barcelona;19;Barcelona;4;10;2024;3;29;43;V
8;Barcelona;19;Barcelona;4;10;2024;3;30;21;V
8;Barcelona;19;Barcelona;4;10;2024;3;31;13;V
8;Barcelona;19;Barcelona;4;12;2024;3;1;21;V
8;Barcelona;19;Barcelona;4;12;2024;3;2;37;V
8;Barcelona;19;Barcelona;4;12;2024;3;3;24;V
8;Barcelona;19;Barcelona;4;12;2024;3;4;23;V
8;Barcelona;19;Barcelona;4;12;2024;3;5;24;V
8;Barcelona;19;Barcelona;4;12;2024;3;6;25;V
8;Barcelona;19;Barcelona;4;12;2024;3;7;20;V
8;Barcelona;19;Barcelona;4;12;2024;3;8;19;V
8;Barcelona;19;Barcelona;4;12;2024;3;9;19;V
8;Barcelona;19;Barcelona;4;12;2024;3;10;9;V
8;Barcelona;19;Barcelona;4;12;2024;3;11;14;V
8;Barcelona;19;Barcelona;4;12;2024;3;12;13;V
8;Barcelona;19;Barcelona;4;12;2024;3;13;84;V
8;Barcelona;19;Barcelona;4;12;2024;3;14;41;V
8;Barcelona;19;Barcelona;4;12;2024;3;15;11;V
8;Barcelona;19;Barcelona;4;12;2024;3;16;64;V
8;Barcelona;19;Barcelona;4;12;2024;3;17;38;V
8;Barcelona;19;Barcelona;4;12;2024;3;18;14;V
8;Barcelona;19;Barcelona;4;12;2024;3;19;53;V
8;Barcelona;19;Barcelona;4;12;2024;3;20;10;V
8;Barcelona;19;Barcelona;4;12;2024;3;21;10;V
8;Barcelona;19;Barcelona;4;12;2024;3;22;144;V
8;Barcelona;19;Barcelona;4;12;2024;3;23;33;V
8;Barcelona;19;Barcelona;4;12;2024;3;24;8;V
8;Barcelona;19;Barcelona;4;12;2024;3;25;25;V
8;Barcelona;19;Barcelona;4;12;2024;3;26;43;V
8;Barcelona;19;Barcelona;4;12;2024;3;27;20;V
8;Barcelona;19;Barcelona;4;12;2024;3;28;14;V
8;Barcelona;19;Barcelona;4;12;2024;3;29;21;V
8;Barcelona;19;Barcelona;4;12;2024;3;30;19;V
8;Barcelona;19;Barcelona;4;12;2024;3;31;10;V
8;Barcelona;19;Barcelona;42;7;2024;3;1;6;V
8;Barcelona;19;Barcelona;42;7;2024;3;2;2;V
8;Barcelona;19;Barcelona;42;7;2024;3;3;2;V
8;Barcelona;19;Barcelona;42;7;2024;3;4;4;V
8;Barcelona;19;Barcelona;42;7;2024;3;5;4;V
8;Barcelona;19;Barcelona;42;7;2024;3;6;5;V
8;Barcelona;19;Barcelona;42;7;2024;3;7;NA;N
8;Barcelona;19;Barcelona;42;7;2024;3;8;3;V
8;Barcelona;19;Barcelona;42;7;2024;3;9;1;V
8;Barcelona;19;Barcelona;42;7;2024;3;10;1;V
8;Barcelona;19;Barcelona;42;7;2024;3;11;3;V
8;Barcelona;19;Barcelona;42;7;2024;3;12;4;V
8;Barcelona;19;Barcelona;42;7;2024;3;13;8;V
8;Barcelona;19;Barcelona;42;7;2024;3;14;3;V
8;Barcelona;19;Barcelona;42;7;2024;3;15;4;V
8;Barcelona;19;Barcelona;42;7;2024;3;16;16;V
8;Barcelona;19;Barcelona;42;7;2024;3;17;2;V
8;Barcelona;19;Barcelona;42;7;2024;3;18;5;V
8;Barcelona;19;Barcelona;42;7;2024;3;19;46;V
8;Barcelona;19;Barcelona;42;7;2024;3;20;3;V
8;Barcelona;19;Barcelona;42;7;2024;3;21;2;V
8;Barcelona;19;Barcelona;42;7;2024;3;22;8;V
8;Barcelona;19;Barcelona;42;7;2024;3;23;8;V
8;Barcelona;19;Barcelona;42;7;2024;3;24;2;V
8;Barcelona;19;Barcelona;42;7;2024;3;25;1;V
8;Barcelona;19;Barcelona;42;7;2024;3;26;3;V
8;Barcelona;19;Barcelona;42;7;2024;3;27;3;V
8;Barcelona;19;Barcelona;42;7;2024;3;28;2;V
8;Barcelona;19;Barcelona;42;7;2024;3;29;1;V
8;Barcelona;19;Barcelona;42;7;2024;3;30;2;V
8;Barcelona;19;Barcelona;42;7;2024;3;31;1;V
8;Barcelona;19;Barcelona;42;8;2024;3;1;13;V
8;Barcelona;19;Barcelona;42;8;2024;3;2;10;V
8;Barcelona;19;Barcelona;42;8;2024;3;3;9;V
8;Barcelona;19;Barcelona;42;8;2024;3;4;13;V
8;Barcelona;19;Barcelona;42;8;2024;3;5;12;V
8;Barcelona;19;Barcelona;42;8;2024;3;6;18;V
8;Barcelona;19;Barcelona;42;8;2024;3;7;NA;N
8;Barcelona;19;Barcelona;42;8;2024;3;8;11;V
8;Barcelona;19;Barcelona;42;8;2024;3;9;12;V
8;Barcelona;19;Barcelona;42;8;2024;3;10;5;V
8;Barcelona;19;Barcelona;42;8;2024;3;11;9;V
8;Barcelona;19;Barcelona;42;8;2024;3;12;12;V
8;Barcelona;19;Barcelona;42;8;2024;3;13;28;V
8;Barcelona;19;Barcelona;42;8;2024;3;14;11;V
8;Barcelona;19;Barcelona;42;8;2024;3;15;21;V
8;Barcelona;19;Barcelona;42;8;2024;3;16;54;V
8;Barcelona;19;Barcelona;42;8;2024;3;17;9;V
8;Barcelona;19;Barcelona;42;8;2024;3;18;18;V
8;Barcelona;19;Barcelona;42;8;2024;3;19;94;V
8;Barcelona;19;Barcelona;42;8;2024;3;20;13;V
8;Barcelona;19;Barcelona;42;8;2024;3;21;10;V
8;Barcelona;19;Barcelona;42;8;2024;3;22;43;V
8;Barcelona;19;Barcelona;42;8;2024;3;23;32;V
8;Barcelona;19;Barcelona;42;8;2024;3;24;13;V
8;Barcelona;19;Barcelona;42;8;2024;3;25;19;V
8;Barcelona;19;Barcelona;42;8;2024;3;26;19;V
8;Barcelona;19;Barcelona;42;8;2024;3;27;8;V
8;Barcelona;19;Barcelona;42;8;2024;3;28;7;V
8;Barcelona;19;Barcelona;42;8;2024;3;29;6;V
8;Barcelona;19;Barcelona;42;8;2024;3;30;7;V
8;Barcelona;19;Barcelona;42;8;2024;3;31;4;V
8;Barcelona;19;Barcelona;42;12;2024;3;1;21;V
8;Barcelona;19;Barcelona;42;12;2024;3;2;13;V
8;Barcelona;19;Barcelona;42;12;2024;3;3;12;V
8;Barcelona;19;Barcelona;42;12;2024;3;4;19;V
8;Barcelona;19;Barcelona;42;12;2024;3;5;19;V
8;Barcelona;19;Barcelona;42;12;2024;3;6;25;V
8;Barcelona;19;Barcelona;42;12;2024;3;7;NA;N
8;Barcelona;19;Barcelona;42;12;2024;3;8;16;V
8;Barcelona;19;Barcelona;42;12;2024;3;9;14;V
8;Barcelona;19;Barcelona;42;12;2024;3;10;7;V
8;Barcelona;19;Barcelona;42;12;2024;3;11;14;V
8;Barcelona;19;Barcelona;42;12;2024;3;12;18;V
8;Barcelona;19;Barcelona;42;12;2024;3;13;40;V
8;Barcelona;19;Barcelona;42;12;2024;3;14;16;V
8;Barcelona;19;Barcelona;42;12;2024;3;15;27;V
8;Barcelona;19;Barcelona;42;12;2024;3;16;78;V
8;Barcelona;19;Barcelona;42;12;2024;3;17;12;V
8;Barcelona;19;Barcelona;42;12;2024;3;18;24;V
8;Barcelona;19;Barcelona;42;12;2024;3;19;163;V
8;Barcelona;19;Barcelona;42;12;2024;3;20;17;V
8;Barcelona;19;Barcelona;42;12;2024;3;21;14;V
8;Barcelona;19;Barcelona;42;12;2024;3;22;56;V
8;Barcelona;19;Barcelona;42;12;2024;3;23;44;V
8;Barcelona;19;Barcelona;42;12;2024;3;24;15;V
8;Barcelona;19;Barcelona;42;12;2024;3;25;21;V
8;Barcelona;19;Barcelona;42;12;2024;3;26;23;V
8;Barcelona;19;Barcelona;42;12;2024;3;27;12;V
8;Barcelona;19;Barcelona;42;12;2024;3;28;9;V
8;Barcelona;19;Barcelona;42;12;2024;3;29;8;V
8;Barcelona;19;Barcelona;42;12;2024;3;30;9;V
8;Barcelona;19;Barcelona;42;12;2024;3;31;5;V
8;Barcelona;19;Barcelona;43;1;2024;3;1;3;V
8;Barcelona;19;Barcelona;43;1;2024;3;2;3;V
8;Barcelona;19;Barcelona;43;1;2024;3;3;4;V
8;Barcelona;19;Barcelona;43;1;2024;3;4;5;V
8;Barcelona;19;Barcelona;43;1;2024;3;5;4;V
8;Barcelona;19;Barcelona;43;1;2024;3;6;5;V
8;Barcelona;19;Barcelona;43;1;2024;3;7;4;V
8;Barcelona;19;Barcelona;43;1;2024;3;8;4;V
8;Barcelona;19;Barcelona;43;1;2024;3;9;3;V
8;Barcelona;19;Barcelona;43;1;2024;3;10;4;V
8;Barcelona;19;Barcelona;43;1;2024;3;11;3;V
8;Barcelona;19;Barcelona;43;1;2024;3;12;3;V
8;Barcelona;19;Barcelona;43;1;2024;3;13;5;V
8;Barcelona;19;Barcelona;43;1;2024;3;14;4;V
8;Barcelona;19;Barcelona;43;1;2024;3;15;1;V
8;Barcelona;19;Barcelona;43;1;2024;3;16;3;V
8;Barcelona;19;Barcelona;43;1;2024;3;17;1;V
8;Barcelona;19;Barcelona;43;1;2024;3;18;NA;N
8;Barcelona;19;Barcelona;43;1;2024;3;19;1;V
8;Barcelona;19;Barcelona;43;1;2024;3;20;2;V
8;Barcelona;19;Barcelona;43;1;2024;3;21;3;V
8;Barcelona;19;Barcelona;43;1;2024;3;22;4;V
8;Barcelona;19;Barcelona;43;1;2024;3;23;4;V
8;Barcelona;19;Barcelona;43;1;2024;3;24;1;V
8;Barcelona;19;Barcelona;43;1;2024;3;25;1;V
8;Barcelona;19;Barcelona;43;1;2024;3;26;1;V
8;Barcelona;19;Barcelona;43;1;2024;3;27;1;V
8;Barcelona;19;Barcelona;43;1;2024;3;28;1;V
8;Barcelona;19;Barcelona;43;1;2024;3;29;1;V
8;Barcelona;19;Barcelona;43;1;2024;3;30;1;V
8;Barcelona;19;Barcelona;43;1;2024;3;31;1;V
8;Barcelona;19;Barcelona;43;6;2024;3;1;0.2;V
8;Barcelona;19;Barcelona;43;6;2024;3;2;0.3;V
8;Barcelona;19;Barcelona;43;6;2024;3;3;0.2;V
8;Barcelona;19;Barcelona;43;6;2024;3;4;0.2;V
8;Barcelona;19;Barcelona;43;6;2024;3;5;0.3;V
8;Barcelona;19;Barcelona;43;6;2024;3;6;0.3;V
8;Barcelona;19;Barcelona;43;6;2024;3;7;0.4;V
8;Barcelona;19;Barcelona;43;6;2024;3;8;0.2;V
8;Barcelona;19;Barcelona;43;6;2024;3;9;0.2;V
8;Barcelona;19;Barcelona;43;6;2024;3;10;0.2;V
8;Barcelona;19;Barcelona;43;6;2024;3;11;0.3;V
8;Barcelona;19;Barcelona;43;6;2024;3;12;0.3;V
8;Barcelona;19;Barcelona;43;6;2024;3;13;0.4;V
8;Barcelona;19;Barcelona;43;6;2024;3;14;0.2;V
8;Barcelona;19;Barcelona;43;6;2024;3;15;0.4;V
8;Barcelona;19;Barcelona;43;6;2024;3;16;0.4;V
8;Barcelona;19;Barcelona;43;6;2024;3;17;0.2;V
8;Barcelona;19;Barcelona;43;6;2024;3;18;NA;N
8;Barcelona;19;Barcelona;43;6;2024;3;19;0.3;V
8;Barcelona;19;Barcelona;43;6;2024;3;20;0.2;V
8;Barcelona;19;Barcelona;43;6;2024;3;21;0.3;V
8;Barcelona;19;Barcelona;43;6;2024;3;22;0.4;V
8;Barcelona;19;Barcelona;43;6;2024;3;23;0.3;V
8;Barcelona;19;Barcelona;43;6;2024;3;24;0.2;V
8;Barcelona;19;Barcelona;43;6;2024;3;25;0.4;V
8;Barcelona;19;Barcelona;43;6;2024;3;26;0.3;V
8;Barcelona;19;Barcelona;43;6;2024;3;27;0.2;V
8;Barcelona;19;Barcelona;43;6;2024;3;28;0.2;V
8;Barcelona;19;Barcelona;43;6;2024;3;29;0.2;V
8;Barcelona;19;Barcelona;43;6;2024;3;30;0.2;V
8;Barcelona;19;Barcelona;43;6;2024;3;31;0.2;V
8;Barcelona;19;Barcelona;43;7;2024;3;1;13;V
8;Barcelona;19;Barcelona;43;7;2024;3;2;7;V
8;Barcelona;19;Barcelona;43;7;2024;3;3;5;V
8;Barcelona;19;Barcelona;43;7;2024;3;4;8;V
8;Barcelona;19;Barcelona;43;7;2024;3;5;19;V
8;Barcelona;19;Barcelona;43;7;2024;3;6;19;V
8;Barcelona;19;Barcelona;43;7;2024;3;7;24;V
8;Barcelona;19;Barcelona;43;7;2024;3;8;7;V
8;Barcelona;19;Barcelona;43;7;2024;3;9;5;V
8;Barcelona;19;Barcelona;43;7;2024;3;10;2;V
8;Barcelona;19;Barcelona;43;7;2024;3;11;11;V
8;Barcelona;19;Barcelona;43;7;2024;3;12;18;V
8;Barcelona;19;Barcelona;43;7;2024;3;13;15;V
8;Barcelona;19;Barcelona;43;7;2024;3;14;9;V
8;Barcelona;19;Barcelona;43;7;2024;3;15;17;V
8;Barcelona;19;Barcelona;43;7;2024;3;16;43;V
8;Barcelona;19;Barcelona;43;7;2024;3;17;6;V
8;Barcelona;19;Barcelona;43;7;2024;3;18;NA;N
8;Barcelona;19;Barcelona;43;7;2024;3;19;39;V
8;Barcelona;19;Barcelona;43;7;2024;3;20;13;V
8;Barcelona;19;Barcelona;43;7;2024;3;21;9;V
8;Barcelona;19;Barcelona;43;7;2024;3;22;30;V
8;Barcelona;19;Barcelona;43;7;2024;3;23;15;V
8;Barcelona;19;Barcelona;43;7;2024;3;24;6;V
8;Barcelona;19;Barcelona;43;7;2024;3;25;18;V
8;Barcelona;19;Barcelona;43;7;2024;3;26;11;V
8;Barcelona;19;Barcelona;43;7;2024;3;27;8;V
8;Barcelona;19;Barcelona;43;7;2024;3;28;9;V
8;Barcelona;19;Barcelona;43;7;2024;3;29;4;V
8;Barcelona;19;Barcelona;43;7;2024;3;30;4;V
8;Barcelona;19;Barcelona;43;7;2024;3;31;2;V
8;Barcelona;19;Barcelona;43;8;2024;3;1;26;V
8;Barcelona;19;Barcelona;43;8;2024;3;2;26;V
8;Barcelona;19;Barcelona;43;8;2024;3;3;16;V
8;Barcelona;19;Barcelona;43;8;2024;3;4;22;V
8;Barcelona;19;Barcelona;43;8;2024;3;5;30;V
8;Barcelona;19;Barcelona;43;8;2024;3;6;39;V
8;Barcelona;19;Barcelona;43;8;2024;3;7;50;V
8;Barcelona;19;Barcelona;43;8;2024;3;8;23;V
8;Barcelona;19;Barcelona;43;8;2024;3;9;21;V
8;Barcelona;19;Barcelona;43;8;2024;3;10;9;V
8;Barcelona;19;Barcelona;43;8;2024;3;11;20;V
8;Barcelona;19;Barcelona;43;8;2024;3;12;29;V
8;Barcelona;19;Barcelona;43;8;2024;3;13;44;V
8;Barcelona;19;Barcelona;43;8;2024;3;14;29;V
8;Barcelona;19;Barcelona;43;8;2024;3;15;35;V
8;Barcelona;19;Barcelona;43;8;2024;3;16;80;V
8;Barcelona;19;Barcelona;43;8;2024;3;17;20;V
8;Barcelona;19;Barcelona;43;8;2024;3;18;NA;N
8;Barcelona;19;Barcelona;43;8;2024;3;19;69;V
8;Barcelona;19;Barcelona;43;8;2024;3;20;27;V
8;Barcelona;19;Barcelona;43;8;2024;3;21;21;V
8;Barcelona;19;Barcelona;43;8;2024;3;22;64;V
8;Barcelona;19;Barcelona;43;8;2024;3;23;39;V
8;Barcelona;19;Barcelona;43;8;2024;3;24;15;V
8;Barcelona;19;Barcelona;43;8;2024;3;25;46;V
8;Barcelona;19;Barcelona;43;8;2024;3;26;38;V
8;Barcelona;19;Barcelona;43;8;2024;3;27;20;V
8;Barcelona;19;Barcelona;43;8;2024;3;28;23;V
8;Barcelona;19;Barcelona;43;8;2024;3;29;14;V
8;Barcelona;19;Barcelona;43;8;2024;3;30;16;V
8;Barcelona;19;Barcelona;43;8;2024;3;31;8;V
8;Barcelona;19;Barcelona;43;9;2024;3;1;5;V
8;Barcelona;19;Barcelona;43;9;2024;3;2;7;V
8;Barcelona;19;Barcelona;43;9;2024;3;3;3;V
8;Barcelona;19;Barcelona;43;9;2024;3;4;3;V
8;Barcelona;19;Barcelona;43;9;2024;3;5;5;V
8;Barcelona;19;Barcelona;43;9;2024;3;6;11;V
8;Barcelona;19;Barcelona;43;9;2024;3;7;10;V
8;Barcelona;19;Barcelona;43;9;2024;3;8;3;V
8;Barcelona;19;Barcelona;43;9;2024;3;9;14;V
8;Barcelona;19;Barcelona;43;9;2024;3;10;3;V
8;Barcelona;19;Barcelona;43;9;2024;3;11;3;V
8;Barcelona;19;Barcelona;43;9;2024;3;12;6;V
8;Barcelona;19;Barcelona;43;9;2024;3;13;13;V
8;Barcelona;19;Barcelona;43;9;2024;3;14;8;V
8;Barcelona;19;Barcelona;43;9;2024;3;15;17;V
8;Barcelona;19;Barcelona;43;9;2024;3;16;35;V
8;Barcelona;19;Barcelona;43;9;2024;3;17;22;V
8;Barcelona;19;Barcelona;43;9;2024;3;18;NA;N
8;Barcelona;19;Barcelona;43;9;2024;3;19;19;V
8;Barcelona;19;Barcelona;43;9;2024;3;20;5;V
8;Barcelona;19;Barcelona;43;9;2024;3;21;10;V
8;Barcelona;19;Barcelona;43;9;2024;3;22;21;V
8;Barcelona;19;Barcelona;43;9;2024;3;23;18;V
8;Barcelona;19;Barcelona;43;9;2024;3;24;7;V
8;Barcelona;19;Barcelona;43;9;2024;3;25;8;V
8;Barcelona;19;Barcelona;43;9;2024;3;26;8;V
8;Barcelona;19;Barcelona;43;9;2024;3;27;3;V
8;Barcelona;19;Barcelona;43;9;2024;3;28;2;V
8;Barcelona;19;Barcelona;43;9;2024;3;29;17;V
8;Barcelona;19;Barcelona;43;9;2024;3;30;2;V
8;Barcelona;19;Barcelona;43;9;2024;3;31;5;V
8;Barcelona;19;Barcelona;43;10;2024;3;1;15;V
8;Barcelona;19;Barcelona;43;10;2024;3;2;22;V
8;Barcelona;19;Barcelona;43;10;2024;3;3;7;V
8;Barcelona;19;Barcelona;43;10;2024;3;4;11;V
8;Barcelona;19;Barcelona;43;10;2024;3;5;14;V
8;Barcelona;19;Barcelona;43;10;2024;3;6;29;V
8;Barcelona;19;Barcelona;43;10;2024;3;7;24;V
8;Barcelona;19;Barcelona;43;10;2024;3;8;10;V
8;Barcelona;19;Barcelona;43;10;2024;3;9;28;V
8;Barcelona;19;Barcelona;43;10;2024;3;10;9;V
8;Barcelona;19;Barcelona;43;10;2024;3;11;9;V
8;Barcelona;19;Barcelona;43;10;2024;3;12;18;V
8;Barcelona;19;Barcelona;43;10;2024;3;13;31;V
8;Barcelona;19;Barcelona;43;10;2024;3;14;27;V
8;Barcelona;19;Barcelona;43;10;2024;3;15;32;V
8;Barcelona;19;Barcelona;43;10;2024;3;16;69;V
8;Barcelona;19;Barcelona;43;10;2024;3;17;31;V
8;Barcelona;19;Barcelona;43;10;2024;3;18;NA;N
8;Barcelona;19;Barcelona;43;10;2024;3;19;50;V
8;Barcelona;19;Barcelona;43;10;2024;3;20;13;V
8;Barcelona;19;Barcelona;43;10;2024;3;21;20;V
8;Barcelona;19;Barcelona;43;10;2024;3;22;63;V
8;Barcelona;19;Barcelona;43;10;2024;3;23;37;V
8;Barcelona;19;Barcelona;43;10;2024;3;24;17;V
8;Barcelona;19;Barcelona;43;10;2024;3;25;18;V
8;Barcelona;19;Barcelona;43;10;2024;3;26;18;V
8;Barcelona;19;Barcelona;43;10;2024;3;27;14;V
8;Barcelona;19;Barcelona;43;10;2024;3;28;11;V
8;Barcelona;19;Barcelona;43;10;2024;3;29;30;V
8;Barcelona;19;Barcelona;43;10;2024;3;30;8;V
8;Barcelona;19;Barcelona;43;10;2024;3;31;13;V
8;Barcelona;19;Barcelona;43;14;2024;3;1;49;V
8;Barcelona;19;Barcelona;43;14;2024;3;2;65;V
8;Barcelona;19;Barcelona;43;14;2024;3;3;61;V
8;Barcelona;19;Barcelona;43;14;2024;3;4;63;V
8;Barcelona;19;Barcelona;43;14;2024;3;5;44;V
8;Barcelona;19;Barcelona;43;14;2024;3;6;53;V
8;Barcelona;19;Barcelona;43;14;2024;3;7;54;V
8;Barcelona;19;Barcelona;43;14;2024;3;8;69;V
8;Barcelona;19;Barcelona;43;14;2024;3;9;66;V
8;Barcelona;19;Barcelona;43;14;2024;3;10;74;V
8;Barcelona;19;Barcelona;43;14;2024;3;11;56;V
8;Barcelona;19;Barcelona;43;14;2024;3;12;61;V
8;Barcelona;19;Barcelona;43;14;2024;3;13;46;V
8;Barcelona;19;Barcelona;43;14;2024;3;14;76;V
8;Barcelona;19;Barcelona;43;14;2024;3;15;71;V
8;Barcelona;19;Barcelona;43;14;2024;3;16;28;V
8;Barcelona;19;Barcelona;43;14;2024;3;17;81;V
8;Barcelona;19;Barcelona;43;14;2024;3;18;NA;N
8;Barcelona;19;Barcelona;43;14;2024;3;19;25;V
8;Barcelona;19;Barcelona;43;14;2024;3;20;67;V
8;Barcelona;19;Barcelona;43;14;2024;3;21;74;V
8;Barcelona;19;Barcelona;43;14;2024;3;22;47;V
8;Barcelona;19;Barcelona;43;14;2024;3;23;50;V
8;Barcelona;19;Barcelona;43;14;2024;3;24;64;V
8;Barcelona;19;Barcelona;43;14;2024;3;25;45;V
8;Barcelona;19;Barcelona;43;14;2024;3;26;42;V
8;Barcelona;19;Barcelona;43;14;2024;3;27;59;V
8;Barcelona;19;Barcelona;43;14;2024;3;28;68;V
8;Barcelona;19;Barcelona;43;14;2024;3;29;67;V
8;Barcelona;19;Barcelona;43;14;2024;3;30;80;V
8;Barcelona;19;Barcelona;43;14;2024;3;31;77;V
8;Barcelona;19;Barcelona;43;22;2024;3;1;744;V
8;Barcelona;19;Barcelona;43;22;2024;3;2;1123;V
8;Barcelona;19;Barcelona;43;22;2024;3;3;519;V
8;Barcelona;19;Barcelona;43;22;2024;3;4;585;V
8;Barcelona;19;Barcelona;43;22;2024;3;5;1418;V
8;Barcelona;19;Barcelona;43;22;2024;3;6;1534;V
8;Barcelona;19;Barcelona;43;22;2024;3;7;2063;V
8;Barcelona;19;Barcelona;43;22;2024;3;8;712;V
8;Barcelona;19;Barcelona;43;22;2024;3;9;695;V
8;Barcelona;19;Barcelona;43;22;2024;3;10;407;V
8;Barcelona;19;Barcelona;43;22;2024;3;11;775;V
8;Barcelona;19;Barcelona;43;22;2024;3;12;1346;V
8;Barcelona;19;Barcelona;43;22;2024;3;13;1360;V
8;Barcelona;19;Barcelona;43;22;2024;3;14;922;V
8;Barcelona;19;Barcelona;43;22;2024;3;15;1704;V
8;Barcelona;19;Barcelona;43;22;2024;3;16;3281;V
8;Barcelona;19;Barcelona;43;22;2024;3;17;1238;V
8;Barcelona;19;Barcelona;43;22;2024;3;18;NA;N
8;Barcelona;19;Barcelona;43;22;2024;3;19;2756;V
8;Barcelona;19;Barcelona;43;22;2024;3;20;1028;V
8;Barcelona;19;Barcelona;43;22;2024;3;21;986;V
8;Barcelona;19;Barcelona;43;22;2024;3;22;2388;V
8;Barcelona;19;Barcelona;43;22;2024;3;23;2177;V
8;Barcelona;19;Barcelona;43;22;2024;3;24;478;V
8;Barcelona;19;Barcelona;43;22;2024;3;25;1565;V
8;Barcelona;19;Barcelona;43;22;2024;3;26;1319;V
8;Barcelona;19;Barcelona;43;22;2024;3;27;610;V
8;Barcelona;19;Barcelona;43;22;2024;3;28;736;V
8;Barcelona;19;Barcelona;43;22;2024;3;29;495;V
8;Barcelona;19;Barcelona;43;22;2024;3;30;507;V
8;Barcelona;19;Barcelona;43;22;2024;3;31;222;V
8;Barcelona;19;Barcelona;43;901;2024;3;1;0;V
8;Barcelona;19;Barcelona;43;901;2024;3;2;0;V
8;Barcelona;19;Barcelona;43;901;2024;3;3;0;V
8;Barcelona;19;Barcelona;43;901;2024;3;4;0;V
8;Barcelona;19;Barcelona;43;901;2024;3;5;0;V
8;Barcelona;19;Barcelona;43;901;2024;3;6;0;V
8;Barcelona;19;Barcelona;43;901;2024;3;7;0;V
8;Barcelona;19;Barcelona;43;901;2024;3;8;0;V
8;Barcelona;19;Barcelona;43;901;2024;3;9;0;V
8;Barcelona;19;Barcelona;43;901;2024;3;10;0;V
8;Barcelona;19;Barcelona;43;901;2024;3;11;0;V
8;Barcelona;19;Barcelona;43;901;2024;3;12;0;V
8;Barcelona;19;Barcelona;43;901;2024;3;13;0;V
8;Barcelona;19;Barcelona;43;901;2024;3;14;0;V
8;Barcelona;19;Barcelona;43;901;2024;3;15;0;V
8;Barcelona;19;Barcelona;43;901;2024;3;16;0;V
8;Barcelona;19;Barcelona;43;901;2024;3;17;0;V
8;Barcelona;19;Barcelona;43;901;2024;3;18;NA;N
8;Barcelona;19;Barcelona;43;901;2024;3;19;0;V
8;Barcelona;19;Barcelona;43;901;2024;3;20;0;V
8;Barcelona;19;Barcelona;43;901;2024;3;21;0;V
8;Barcelona;19;Barcelona;43;901;2024;3;22;0;V
8;Barcelona;19;Barcelona;43;901;2024;3;23;0;V
8;Barcelona;19;Barcelona;43;901;2024;3;24;0;V
8;Barcelona;19;Barcelona;43;901;2024;3;25;0;V
8;Barcelona;19;Barcelona;43;901;2024;3;26;0;V
8;Barcelona;19;Barcelona;43;901;2024;3;27;0;V
8;Barcelona;19;Barcelona;43;901;2024;3;28;0;V
8;Barcelona;19;Barcelona;43;901;2024;3;29;0;V
8;Barcelona;19;Barcelona;43;901;2024;3;30;0;V
8;Barcelona;19;Barcelona;43;901;2024;3;31;0;V
8;Barcelona;19;Barcelona;43;996;2024;3;1;1138;V
8;Barcelona;19;Barcelona;43;996;2024;3;2;1150;V
8;Barcelona;19;Barcelona;43;996;2024;3;3;1140;V
8;Barcelona;19;Barcelona;43;996;2024;3;4;1163;V
8;Barcelona;19;Barcelona;43;996;2024;3;5;1124.5;V
8;Barcelona;19;Barcelona;43;996;2024;3;6;1138;V
8;Barcelona;19;Barcelona;43;996;2024;3;7;1139.9;V
8;Barcelona;19;Barcelona;43;996;2024;3;8;1138;V
8;Barcelona;19;Barcelona;43;996;2024;3;9;1129.6;V
8;Barcelona;19;Barcelona;43;996;2024;3;10;1138;V
8;Barcelona;19;Barcelona;43;996;2024;3;11;1126;V
8;Barcelona;19;Barcelona;43;996;2024;3;12;1126;V
8;Barcelona;19;Barcelona;43;996;2024;3;13;1138;V
8;Barcelona;19;Barcelona;43;996;2024;3;14;1126.1;V
8;Barcelona;19;Barcelona;43;996;2024;3;15;1150;V
8;Barcelona;19;Barcelona;43;996;2024;3;16;1146.7;V
8;Barcelona;19;Barcelona;43;996;2024;3;17;1137.8;V
8;Barcelona;19;Barcelona;43;996;2024;3;18;NA;N
8;Barcelona;19;Barcelona;43;996;2024;3;19;1140.2;V
8;Barcelona;19;Barcelona;43;996;2024;3;20;1150.1;V
8;Barcelona;19;Barcelona;43;996;2024;3;21;1163;V
8;Barcelona;19;Barcelona;43;996;2024;3;22;1126.1;V
8;Barcelona;19;Barcelona;43;996;2024;3;23;1138;V
8;Barcelona;19;Barcelona;43;996;2024;3;24;1150.7;V
8;Barcelona;19;Barcelona;43;996;2024;3;25;1163;V
8;Barcelona;19;Barcelona;43;996;2024;3;26;1140.8;V
8;Barcelona;19;Barcelona;43;996;2024;3;27;1150;V
8;Barcelona;19;Barcelona;43;996;2024;3;28;1138;V
8;Barcelona;19;Barcelona;43;996;2024;3;29;1150;V
8;Barcelona;19;Barcelona;43;996;2024;3;30;1166;V
8;Barcelona;19;Barcelona;43;996;2024;3;31;1163;V
8;Barcelona;19;Barcelona;43;997;2024;3;1;3861;V
8;Barcelona;19;Barcelona;43;997;2024;3;2;3849;V
8;Barcelona;19;Barcelona;43;997;2024;3;3;3859;V
8;Barcelona;19;Barcelona;43;997;2024;3;4;3836;V
8;Barcelona;19;Barcelona;43;997;2024;3;5;3874.5;V
8;Barcelona;19;Barcelona;43;997;2024;3;6;3861;V
8;Barcelona;19;Barcelona;43;997;2024;3;7;3859.1;V
8;Barcelona;19;Barcelona;43;997;2024;3;8;3861;V
8;Barcelona;19;Barcelona;43;997;2024;3;9;3869.4;V
8;Barcelona;19;Barcelona;43;997;2024;3;10;3861;V
8;Barcelona;19;Barcelona;43;997;2024;3;11;3873;V
8;Barcelona;19;Barcelona;43;997;2024;3;12;3873;V
8;Barcelona;19;Barcelona;43;997;2024;3;13;3861;V
8;Barcelona;19;Barcelona;43;997;2024;3;14;3872.9;V
8;Barcelona;19;Barcelona;43;997;2024;3;15;3849;V
8;Barcelona;19;Barcelona;43;997;2024;3;16;3852.3;V
8;Barcelona;19;Barcelona;43;997;2024;3;17;3861.2;V
8;Barcelona;19;Barcelona;43;997;2024;3;18;NA;N
8;Barcelona;19;Barcelona;43;997;2024;3;19;3858.9;V
8;Barcelona;19;Barcelona;43;997;2024;3;20;3849;V
8;Barcelona;19;Barcelona;43;997;2024;3;21;3836;V
8;Barcelona;19;Barcelona;43;997;2024;3;22;3873;V
8;Barcelona;19;Barcelona;43;997;2024;3;23;3861;V
8;Barcelona;19;Barcelona;43;997;2024;3;24;3848.4;V
8;Barcelona;19;Barcelona;43;997;2024;3;25;3836;V
8;Barcelona;19;Barcelona;43;997;2024;3;26;3858.2;V
8;Barcelona;19;Barcelona;43;997;2024;3;27;3849;V
8;Barcelona;19;Barcelona;43;997;2024;3;28;3861;V
8;Barcelona;19;Barcelona;43;997;2024;3;29;3849;V
8;Barcelona;19;Barcelona;43;997;2024;3;30;3833;V
8;Barcelona;19;Barcelona;43;997;2024;3;31;3836;V
8;Barcelona;19;Barcelona;43;998;2024;3;1;4999;V
8;Barcelona;19;Barcelona;43;998;2024;3;2;4999;V
8;Barcelona;19;Barcelona;43;998;2024;3;3;4999;V
8;Barcelona;19;Barcelona;43;998;2024;3;4;4999;V
8;Barcelona;19;Barcelona;43;998;2024;3;5;4999;V
8;Barcelona;19;Barcelona;43;998;2024;3;6;4999;V
8;Barcelona;19;Barcelona;43;998;2024;3;7;4999;V
8;Barcelona;19;Barcelona;43;998;2024;3;8;4999;V
8;Barcelona;19;Barcelona;43;998;2024;3;9;4999;V
8;Barcelona;19;Barcelona;43;998;2024;3;10;4999;V
8;Barcelona;19;Barcelona;43;998;2024;3;11;4999;V
8;Barcelona;19;Barcelona;43;998;2024;3;12;4999;V
8;Barcelona;19;Barcelona;43;998;2024;3;13;4999;V
8;Barcelona;19;Barcelona;43;998;2024;3;14;4999;V
8;Barcelona;19;Barcelona;43;998;2024;3;15;4999;V
8;Barcelona;19;Barcelona;43;998;2024;3;16;4999;V
8;Barcelona;19;Barcelona;43;998;2024;3;17;4999;V
8;Barcelona;19;Barcelona;43;998;2024;3;18;NA;N
8;Barcelona;19;Barcelona;43;998;2024;3;19;4999;V
8;Barcelona;19;Barcelona;43;998;2024;3;20;4999;V
8;Barcelona;19;Barcelona;43;998;2024;3;21;4999;V
8;Barcelona;19;Barcelona;43;998;2024;3;22;4999;V
8;Barcelona;19;Barcelona;43;998;2024;3;23;4999;V
8;Barcelona;19;Barcelona;43;998;2024;3;24;4999.1;V
8;Barcelona;19;Barcelona;43;998;2024;3;25;4999;V
8;Barcelona;19;Barcelona;43;998;2024;3;26;4999;V
8;Barcelona;19;Barcelona;43;998;2024;3;27;4999;V
8;Barcelona;19;Barcelona;43;998;2024;3;28;4999;V
8;Barcelona;19;Barcelona;43;998;2024;3;29;4999;V
8;Barcelona;19;Barcelona;43;998;2024;3;30;4999;V
8;Barcelona;19;Barcelona;43;998;2024;3;31;4999;V
8;Barcelona;19;Barcelona;43;999;2024;3;1;13.8;V
8;Barcelona;19;Barcelona;43;999;2024;3;2;22;V
8;Barcelona;19;Barcelona;43;999;2024;3;3;20.1;V
8;Barcelona;19;Barcelona;43;999;2024;3;4;17.4;V
8;Barcelona;19;Barcelona;43;999;2024;3;5;18.9;V
8;Barcelona;19;Barcelona;43;999;2024;3;6;15.2;V
8;Barcelona;19;Barcelona;43;999;2024;3;7;15.2;V
8;Barcelona;19;Barcelona;43;999;2024;3;8;13.1;V
8;Barcelona;19;Barcelona;43;999;2024;3;9;15.4;V
8;Barcelona;19;Barcelona;43;999;2024;3;10;30.5;V
8;Barcelona;19;Barcelona;43;999;2024;3;11;18;V
8;Barcelona;19;Barcelona;43;999;2024;3;12;14.1;V
8;Barcelona;19;Barcelona;43;999;2024;3;13;28.7;V
8;Barcelona;19;Barcelona;43;999;2024;3;14;16.4;V
8;Barcelona;19;Barcelona;43;999;2024;3;15;19.4;V
8;Barcelona;19;Barcelona;43;999;2024;3;16;20.7;V
8;Barcelona;19;Barcelona;43;999;2024;3;17;21;V
8;Barcelona;19;Barcelona;43;999;2024;3;18;NA;N
8;Barcelona;19;Barcelona;43;999;2024;3;19;18.9;V
8;Barcelona;19;Barcelona;43;999;2024;3;20;17;V
8;Barcelona;19;Barcelona;43;999;2024;3;21;17.4;V
8;Barcelona;19;Barcelona;43;999;2024;3;22;19.4;V
8;Barcelona;19;Barcelona;43;999;2024;3;23;22.7;V
8;Barcelona;19;Barcelona;43;999;2024;3;24;23.5;V
8;Barcelona;19;Barcelona;43;999;2024;3;25;14.7;V
8;Barcelona;19;Barcelona;43;999;2024;3;26;17;V
8;Barcelona;19;Barcelona;43;999;2024;3;27;18.9;V
8;Barcelona;19;Barcelona;43;999;2024;3;28;15.9;V
8;Barcelona;19;Barcelona;43;999;2024;3;29;17.1;V
8;Barcelona;19;Barcelona;43;999;2024;3;30;17.1;V
8;Barcelona;19;Barcelona;43;999;2024;3;31;14.9;V
8;Barcelona;19;Barcelona;44;1;2024;3;1;2;V
8;Barcelona;19;Barcelona;44;1;2024;3;2;2;V
8;Barcelona;19;Barcelona;44;1;2024;3;3;2;V
8;Barcelona;19;Barcelona;44;1;2024;3;4;NA;N
8;Barcelona;19;Barcelona;44;1;2024;3;5;NA;N
8;Barcelona;19;Barcelona;44;1;2024;3;6;NA;N
8;Barcelona;19;Barcelona;44;1;2024;3;7;NA;N
8;Barcelona;19;Barcelona;44;1;2024;3;8;NA;N
8;Barcelona;19;Barcelona;44;1;2024;3;9;NA;N
8;Barcelona;19;Barcelona;44;1;2024;3;10;NA;N
8;Barcelona;19;Barcelona;44;1;2024;3;11;NA;N
8;Barcelona;19;Barcelona;44;1;2024;3;12;NA;N
8;Barcelona;19;Barcelona;44;1;2024;3;13;NA;N
8;Barcelona;19;Barcelona;44;1;2024;3;14;NA;N
8;Barcelona;19;Barcelona;44;1;2024;3;15;NA;N
8;Barcelona;19;Barcelona;44;1;2024;3;16;4;V
8;Barcelona;19;Barcelona;44;1;2024;3;17;4;V
8;Barcelona;19;Barcelona;44;1;2024;3;18;3;V
8;Barcelona;19;Barcelona;44;1;2024;3;19;4;V
8;Barcelona;19;Barcelona;44;1;2024;3;20;3;V
8;Barcelona;19;Barcelona;44;1;2024;3;21;3;V
8;Barcelona;19;Barcelona;44;1;2024;3;22;3;V
8;Barcelona;19;Barcelona;44;1;2024;3;23;3;V
8;Barcelona;19;Barcelona;44;1;2024;3;24;2;V
8;Barcelona;19;Barcelona;44;1;2024;3;25;2;V
8;Barcelona;19;Barcelona;44;1;2024;3;26;2;V
8;Barcelona;19;Barcelona;44;1;2024;3;27;3;V
8;Barcelona;19;Barcelona;44;1;2024;3;28;3;V
8;Barcelona;19;Barcelona;44;1;2024;3;29;2;V
8;Barcelona;19;Barcelona;44;1;2024;3;30;2;V
8;Barcelona;19;Barcelona;44;1;2024;3;31;1;V
8;Barcelona;19;Barcelona;44;7;2024;3;1;4;V
8;Barcelona;19;Barcelona;44;7;2024;3;2;4;V
8;Barcelona;19;Barcelona;44;7;2024;3;3;3;V
8;Barcelona;19;Barcelona;44;7;2024;3;4;NA;N
8;Barcelona;19;Barcelona;44;7;2024;3;5;NA;N
8;Barcelona;19;Barcelona;44;7;2024;3;6;NA;N
8;Barcelona;19;Barcelona;44;7;2024;3;7;NA;N
8;Barcelona;19;Barcelona;44;7;2024;3;8;NA;N
8;Barcelona;19;Barcelona;44;7;2024;3;9;NA;N
8;Barcelona;19;Barcelona;44;7;2024;3;10;NA;N
8;Barcelona;19;Barcelona;44;7;2024;3;11;NA;N
8;Barcelona;19;Barcelona;44;7;2024;3;12;NA;N
8;Barcelona;19;Barcelona;44;7;2024;3;13;NA;N
8;Barcelona;19;Barcelona;44;7;2024;3;14;NA;N
8;Barcelona;19;Barcelona;44;7;2024;3;15;NA;N
8;Barcelona;19;Barcelona;44;7;2024;3;16;27;V
8;Barcelona;19;Barcelona;44;7;2024;3;17;3;V
8;Barcelona;19;Barcelona;44;7;2024;3;18;45;V
8;Barcelona;19;Barcelona;44;7;2024;3;19;76;V
8;Barcelona;19;Barcelona;44;7;2024;3;20;10;V
8;Barcelona;19;Barcelona;44;7;2024;3;21;11;V
8;Barcelona;19;Barcelona;44;7;2024;3;22;10;V
8;Barcelona;19;Barcelona;44;7;2024;3;23;15;V
8;Barcelona;19;Barcelona;44;7;2024;3;24;2;V
8;Barcelona;19;Barcelona;44;7;2024;3;25;14;V
8;Barcelona;19;Barcelona;44;7;2024;3;26;8;V
8;Barcelona;19;Barcelona;44;7;2024;3;27;3;V
8;Barcelona;19;Barcelona;44;7;2024;3;28;2;V
8;Barcelona;19;Barcelona;44;7;2024;3;29;1;V
8;Barcelona;19;Barcelona;44;7;2024;3;30;2;V
8;Barcelona;19;Barcelona;44;7;2024;3;31;1;V
8;Barcelona;19;Barcelona;44;8;2024;3;1;15;V
8;Barcelona;19;Barcelona;44;8;2024;3;2;19;V
8;Barcelona;19;Barcelona;44;8;2024;3;3;16;V
8;Barcelona;19;Barcelona;44;8;2024;3;4;NA;N
8;Barcelona;19;Barcelona;44;8;2024;3;5;NA;N
8;Barcelona;19;Barcelona;44;8;2024;3;6;NA;N
8;Barcelona;19;Barcelona;44;8;2024;3;7;NA;N
8;Barcelona;19;Barcelona;44;8;2024;3;8;NA;N
8;Barcelona;19;Barcelona;44;8;2024;3;9;NA;N
8;Barcelona;19;Barcelona;44;8;2024;3;10;NA;N
8;Barcelona;19;Barcelona;44;8;2024;3;11;NA;N
8;Barcelona;19;Barcelona;44;8;2024;3;12;NA;N
8;Barcelona;19;Barcelona;44;8;2024;3;13;NA;N
8;Barcelona;19;Barcelona;44;8;2024;3;14;NA;N
8;Barcelona;19;Barcelona;44;8;2024;3;15;NA;N
8;Barcelona;19;Barcelona;44;8;2024;3;16;67;V
8;Barcelona;19;Barcelona;44;8;2024;3;17;14;V
8;Barcelona;19;Barcelona;44;8;2024;3;18;47;V
8;Barcelona;19;Barcelona;44;8;2024;3;19;74;V
8;Barcelona;19;Barcelona;44;8;2024;3;20;25;V
8;Barcelona;19;Barcelona;44;8;2024;3;21;28;V
8;Barcelona;19;Barcelona;44;8;2024;3;22;42;V
8;Barcelona;19;Barcelona;44;8;2024;3;23;37;V
8;Barcelona;19;Barcelona;44;8;2024;3;24;10;V
8;Barcelona;19;Barcelona;44;8;2024;3;25;40;V
8;Barcelona;19;Barcelona;44;8;2024;3;26;31;V
8;Barcelona;19;Barcelona;44;8;2024;3;27;13;V
8;Barcelona;19;Barcelona;44;8;2024;3;28;9;V
8;Barcelona;19;Barcelona;44;8;2024;3;29;7;V
8;Barcelona;19;Barcelona;44;8;2024;3;30;11;V
8;Barcelona;19;Barcelona;44;8;2024;3;31;8;V
8;Barcelona;19;Barcelona;44;10;2024;3;1;27;V
8;Barcelona;19;Barcelona;44;10;2024;3;2;26;V
8;Barcelona;19;Barcelona;44;10;2024;3;3;9;V
8;Barcelona;19;Barcelona;44;10;2024;3;4;NA;N
8;Barcelona;19;Barcelona;44;10;2024;3;5;NA;N
8;Barcelona;19;Barcelona;44;10;2024;3;6;NA;N
8;Barcelona;19;Barcelona;44;10;2024;3;7;NA;N
8;Barcelona;19;Barcelona;44;10;2024;3;8;NA;N
8;Barcelona;19;Barcelona;44;10;2024;3;9;NA;N
8;Barcelona;19;Barcelona;44;10;2024;3;10;NA;N
8;Barcelona;19;Barcelona;44;10;2024;3;11;NA;N
8;Barcelona;19;Barcelona;44;10;2024;3;12;NA;N
8;Barcelona;19;Barcelona;44;10;2024;3;13;NA;N
8;Barcelona;19;Barcelona;44;10;2024;3;14;NA;N
8;Barcelona;19;Barcelona;44;10;2024;3;15;NA;N
8;Barcelona;19;Barcelona;44;10;2024;3;16;NA;N
8;Barcelona;19;Barcelona;44;10;2024;3;17;NA;N
8;Barcelona;19;Barcelona;44;10;2024;3;18;NA;N
8;Barcelona;19;Barcelona;44;10;2024;3;19;NA;N
8;Barcelona;19;Barcelona;44;10;2024;3;20;NA;N
8;Barcelona;19;Barcelona;44;10;2024;3;21;NA;N
8;Barcelona;19;Barcelona;44;10;2024;3;22;NA;N
8;Barcelona;19;Barcelona;44;10;2024;3;23;NA;N
8;Barcelona;19;Barcelona;44;10;2024;3;24;NA;N
8;Barcelona;19;Barcelona;44;10;2024;3;25;NA;N
8;Barcelona;19;Barcelona;44;10;2024;3;26;NA;N
8;Barcelona;19;Barcelona;44;10;2024;3;27;NA;N
8;Barcelona;19;Barcelona;44;10;2024;3;28;NA;N
8;Barcelona;19;Barcelona;44;10;2024;3;29;NA;N
8;Barcelona;19;Barcelona;44;10;2024;3;30;NA;N
8;Barcelona;19;Barcelona;44;10;2024;3;31;NA;N
8;Barcelona;19;Barcelona;44;12;2024;3;1;22;V
8;Barcelona;19;Barcelona;44;12;2024;3;2;24;V
8;Barcelona;19;Barcelona;44;12;2024;3;3;20;V
8;Barcelona;19;Barcelona;44;12;2024;3;4;NA;N
8;Barcelona;19;Barcelona;44;12;2024;3;5;NA;N
8;Barcelona;19;Barcelona;44;12;2024;3;6;NA;N
8;Barcelona;19;Barcelona;44;12;2024;3;7;NA;N
8;Barcelona;19;Barcelona;44;12;2024;3;8;NA;N
8;Barcelona;19;Barcelona;44;12;2024;3;9;NA;N
8;Barcelona;19;Barcelona;44;12;2024;3;10;NA;N
8;Barcelona;19;Barcelona;44;12;2024;3;11;NA;N
8;Barcelona;19;Barcelona;44;12;2024;3;12;NA;N
8;Barcelona;19;Barcelona;44;12;2024;3;13;NA;N
8;Barcelona;19;Barcelona;44;12;2024;3;14;NA;N
8;Barcelona;19;Barcelona;44;12;2024;3;15;NA;N
8;Barcelona;19;Barcelona;44;12;2024;3;16;108;V
8;Barcelona;19;Barcelona;44;12;2024;3;17;18;V
8;Barcelona;19;Barcelona;44;12;2024;3;18;115;V
8;Barcelona;19;Barcelona;44;12;2024;3;19;189;V
8;Barcelona;19;Barcelona;44;12;2024;3;20;40;V
8;Barcelona;19;Barcelona;44;12;2024;3;21;45;V
8;Barcelona;19;Barcelona;44;12;2024;3;22;57;V
8;Barcelona;19;Barcelona;44;12;2024;3;23;59;V
8;Barcelona;19;Barcelona;44;12;2024;3;24;13;V
8;Barcelona;19;Barcelona;44;12;2024;3;25;62;V
8;Barcelona;19;Barcelona;44;12;2024;3;26;43;V
8;Barcelona;19;Barcelona;44;12;2024;3;27;18;V
8;Barcelona;19;Barcelona;44;12;2024;3;28;13;V
8;Barcelona;19;Barcelona;44;12;2024;3;29;9;V
8;Barcelona;19;Barcelona;44;12;2024;3;30;15;V
8;Barcelona;19;Barcelona;44;12;2024;3;31;9;V
8;Barcelona;19;Barcelona;44;14;2024;3;1;64;V
8;Barcelona;19;Barcelona;44;14;2024;3;2;76;V
8;Barcelona;19;Barcelona;44;14;2024;3;3;64;V
8;Barcelona;19;Barcelona;44;14;2024;3;4;NA;N
8;Barcelona;19;Barcelona;44;14;2024;3;5;NA;N
8;Barcelona;19;Barcelona;44;14;2024;3;6;NA;N
8;Barcelona;19;Barcelona;44;14;2024;3;7;NA;N
8;Barcelona;19;Barcelona;44;14;2024;3;8;NA;N
8;Barcelona;19;Barcelona;44;14;2024;3;9;NA;N
8;Barcelona;19;Barcelona;44;14;2024;3;10;NA;N
8;Barcelona;19;Barcelona;44;14;2024;3;11;NA;N
8;Barcelona;19;Barcelona;44;14;2024;3;12;NA;N
8;Barcelona;19;Barcelona;44;14;2024;3;13;NA;N
8;Barcelona;19;Barcelona;44;14;2024;3;14;NA;N
8;Barcelona;19;Barcelona;44;14;2024;3;15;NA;N
8;Barcelona;19;Barcelona;44;14;2024;3;16;34;V
8;Barcelona;19;Barcelona;44;14;2024;3;17;87;V
8;Barcelona;19;Barcelona;44;14;2024;3;18;36;V
8;Barcelona;19;Barcelona;44;14;2024;3;19;22;V
8;Barcelona;19;Barcelona;44;14;2024;3;20;65;V
8;Barcelona;19;Barcelona;44;14;2024;3;21;68;V
8;Barcelona;19;Barcelona;44;14;2024;3;22;60;V
8;Barcelona;19;Barcelona;44;14;2024;3;23;48;V
8;Barcelona;19;Barcelona;44;14;2024;3;24;67;V
8;Barcelona;19;Barcelona;44;14;2024;3;25;50;V
8;Barcelona;19;Barcelona;44;14;2024;3;26;44;V
8;Barcelona;19;Barcelona;44;14;2024;3;27;69;V
8;Barcelona;19;Barcelona;44;14;2024;3;28;84;V
8;Barcelona;19;Barcelona;44;14;2024;3;29;74;V
8;Barcelona;19;Barcelona;44;14;2024;3;30;83;V
8;Barcelona;19;Barcelona;44;14;2024;3;31;78;V
8;Barcelona;19;Barcelona;50;7;2024;3;1;3;V
8;Barcelona;19;Barcelona;50;7;2024;3;2;11;V
8;Barcelona;19;Barcelona;50;7;2024;3;3;4;V
8;Barcelona;19;Barcelona;50;7;2024;3;4;5;V
8;Barcelona;19;Barcelona;50;7;2024;3;5;4;V
8;Barcelona;19;Barcelona;50;7;2024;3;6;3;V
8;Barcelona;19;Barcelona;50;7;2024;3;7;3;V
8;Barcelona;19;Barcelona;50;7;2024;3;8;6;V
8;Barcelona;19;Barcelona;50;7;2024;3;9;6;V
8;Barcelona;19;Barcelona;50;7;2024;3;10;1;V
8;Barcelona;19;Barcelona;50;7;2024;3;11;3;V
8;Barcelona;19;Barcelona;50;7;2024;3;12;2;V
8;Barcelona;19;Barcelona;50;7;2024;3;13;13;V
8;Barcelona;19;Barcelona;50;7;2024;3;14;5;V
8;Barcelona;19;Barcelona;50;7;2024;3;15;1;V
8;Barcelona;19;Barcelona;50;7;2024;3;16;13;V
8;Barcelona;19;Barcelona;50;7;2024;3;17;4;V
8;Barcelona;19;Barcelona;50;7;2024;3;18;4;V
8;Barcelona;19;Barcelona;50;7;2024;3;19;15;V
8;Barcelona;19;Barcelona;50;7;2024;3;20;2;V
8;Barcelona;19;Barcelona;50;7;2024;3;21;1;V
8;Barcelona;19;Barcelona;50;7;2024;3;22;35;V
8;Barcelona;19;Barcelona;50;7;2024;3;23;6;V
8;Barcelona;19;Barcelona;50;7;2024;3;24;1;V
8;Barcelona;19;Barcelona;50;7;2024;3;25;5;V
8;Barcelona;19;Barcelona;50;7;2024;3;26;5;V
8;Barcelona;19;Barcelona;50;7;2024;3;27;2;V
8;Barcelona;19;Barcelona;50;7;2024;3;28;2;V
8;Barcelona;19;Barcelona;50;7;2024;3;29;3;V
8;Barcelona;19;Barcelona;50;7;2024;3;30;6;V
8;Barcelona;19;Barcelona;50;7;2024;3;31;1;V
8;Barcelona;19;Barcelona;50;8;2024;3;1;12;V
8;Barcelona;19;Barcelona;50;8;2024;3;2;44;V
8;Barcelona;19;Barcelona;50;8;2024;3;3;23;V
8;Barcelona;19;Barcelona;50;8;2024;3;4;20;V
8;Barcelona;19;Barcelona;50;8;2024;3;5;13;V
8;Barcelona;19;Barcelona;50;8;2024;3;6;14;V
8;Barcelona;19;Barcelona;50;8;2024;3;7;21;V
8;Barcelona;19;Barcelona;50;8;2024;3;8;20;V
8;Barcelona;19;Barcelona;50;8;2024;3;9;44;V
8;Barcelona;19;Barcelona;50;8;2024;3;10;5;V
8;Barcelona;19;Barcelona;50;8;2024;3;11;13;V
8;Barcelona;19;Barcelona;50;8;2024;3;12;9;V
8;Barcelona;19;Barcelona;50;8;2024;3;13;44;V
8;Barcelona;19;Barcelona;50;8;2024;3;14;28;V
8;Barcelona;19;Barcelona;50;8;2024;3;15;7;V
8;Barcelona;19;Barcelona;50;8;2024;3;16;46;V
8;Barcelona;19;Barcelona;50;8;2024;3;17;33;V
8;Barcelona;19;Barcelona;50;8;2024;3;18;15;V
8;Barcelona;19;Barcelona;50;8;2024;3;19;42;V
8;Barcelona;19;Barcelona;50;8;2024;3;20;12;V
8;Barcelona;19;Barcelona;50;8;2024;3;21;8;V
8;Barcelona;19;Barcelona;50;8;2024;3;22;126;V
8;Barcelona;19;Barcelona;50;8;2024;3;23;28;V
8;Barcelona;19;Barcelona;50;8;2024;3;24;6;V
8;Barcelona;19;Barcelona;50;8;2024;3;25;19;V
8;Barcelona;19;Barcelona;50;8;2024;3;26;32;V
8;Barcelona;19;Barcelona;50;8;2024;3;27;10;V
8;Barcelona;19;Barcelona;50;8;2024;3;28;10;V
8;Barcelona;19;Barcelona;50;8;2024;3;29;17;V
8;Barcelona;19;Barcelona;50;8;2024;3;30;28;V
8;Barcelona;19;Barcelona;50;8;2024;3;31;8;V
8;Barcelona;19;Barcelona;50;12;2024;3;1;17;V
8;Barcelona;19;Barcelona;50;12;2024;3;2;61;V
8;Barcelona;19;Barcelona;50;12;2024;3;3;29;V
8;Barcelona;19;Barcelona;50;12;2024;3;4;27;V
8;Barcelona;19;Barcelona;50;12;2024;3;5;18;V
8;Barcelona;19;Barcelona;50;12;2024;3;6;18;V
8;Barcelona;19;Barcelona;50;12;2024;3;7;26;V
8;Barcelona;19;Barcelona;50;12;2024;3;8;28;V
8;Barcelona;19;Barcelona;50;12;2024;3;9;54;V
8;Barcelona;19;Barcelona;50;12;2024;3;10;6;V
8;Barcelona;19;Barcelona;50;12;2024;3;11;18;V
8;Barcelona;19;Barcelona;50;12;2024;3;12;11;V
8;Barcelona;19;Barcelona;50;12;2024;3;13;64;V
8;Barcelona;19;Barcelona;50;12;2024;3;14;36;V
8;Barcelona;19;Barcelona;50;12;2024;3;15;9;V
8;Barcelona;19;Barcelona;50;12;2024;3;16;66;V
8;Barcelona;19;Barcelona;50;12;2024;3;17;40;V
8;Barcelona;19;Barcelona;50;12;2024;3;18;21;V
8;Barcelona;19;Barcelona;50;12;2024;3;19;66;V
8;Barcelona;19;Barcelona;50;12;2024;3;20;15;V
8;Barcelona;19;Barcelona;50;12;2024;3;21;9;V
8;Barcelona;19;Barcelona;50;12;2024;3;22;179;V
8;Barcelona;19;Barcelona;50;12;2024;3;23;37;V
8;Barcelona;19;Barcelona;50;12;2024;3;24;7;V
8;Barcelona;19;Barcelona;50;12;2024;3;25;26;V
8;Barcelona;19;Barcelona;50;12;2024;3;26;40;V
8;Barcelona;19;Barcelona;50;12;2024;3;27;14;V
8;Barcelona;19;Barcelona;50;12;2024;3;28;14;V
8;Barcelona;19;Barcelona;50;12;2024;3;29;22;V
8;Barcelona;19;Barcelona;50;12;2024;3;30;36;V
8;Barcelona;19;Barcelona;50;12;2024;3;31;9;V
8;Barcelona;19;Barcelona;50;14;2024;3;1;64;V
8;Barcelona;19;Barcelona;50;14;2024;3;2;51;V
8;Barcelona;19;Barcelona;50;14;2024;3;3;55;V
8;Barcelona;19;Barcelona;50;14;2024;3;4;66;V
8;Barcelona;19;Barcelona;50;14;2024;3;5;62;V
8;Barcelona;19;Barcelona;50;14;2024;3;6;66;V
8;Barcelona;19;Barcelona;50;14;2024;3;7;65;V
8;Barcelona;19;Barcelona;50;14;2024;3;8;75;V
8;Barcelona;19;Barcelona;50;14;2024;3;9;42;V
8;Barcelona;19;Barcelona;50;14;2024;3;10;76;V
8;Barcelona;19;Barcelona;50;14;2024;3;11;62;V
8;Barcelona;19;Barcelona;50;14;2024;3;12;68;V
8;Barcelona;19;Barcelona;50;14;2024;3;13;44;V
8;Barcelona;19;Barcelona;50;14;2024;3;14;74;V
8;Barcelona;19;Barcelona;50;14;2024;3;15;82;V
8;Barcelona;19;Barcelona;50;14;2024;3;16;36;V
8;Barcelona;19;Barcelona;50;14;2024;3;17;76;V
8;Barcelona;19;Barcelona;50;14;2024;3;18;53;V
8;Barcelona;19;Barcelona;50;14;2024;3;19;28;V
8;Barcelona;19;Barcelona;50;14;2024;3;20;70;V
8;Barcelona;19;Barcelona;50;14;2024;3;21;74;V
8;Barcelona;19;Barcelona;50;14;2024;3;22;31;V
8;Barcelona;19;Barcelona;50;14;2024;3;23;43;V
8;Barcelona;19;Barcelona;50;14;2024;3;24;63;V
8;Barcelona;19;Barcelona;50;14;2024;3;25;55;V
8;Barcelona;19;Barcelona;50;14;2024;3;26;42;V
8;Barcelona;19;Barcelona;50;14;2024;3;27;71;V
8;Barcelona;19;Barcelona;50;14;2024;3;28;83;V
8;Barcelona;19;Barcelona;50;14;2024;3;29;61;V
8;Barcelona;19;Barcelona;50;14;2024;3;30;64;V
8;Barcelona;19;Barcelona;50;14;2024;3;31;76;V
8;Barcelona;19;Barcelona;54;1;2024;3;1;NA;N
8;Barcelona;19;Barcelona;54;1;2024;3;2;1;V
8;Barcelona;19;Barcelona;54;1;2024;3;3;1;V
8;Barcelona;19;Barcelona;54;1;2024;3;4;1;V
8;Barcelona;19;Barcelona;54;1;2024;3;5;1;V
8;Barcelona;19;Barcelona;54;1;2024;3;6;1;V
8;Barcelona;19;Barcelona;54;1;2024;3;7;1;V
8;Barcelona;19;Barcelona;54;1;2024;3;8;1;V
8;Barcelona;19;Barcelona;54;1;2024;3;9;1;V
8;Barcelona;19;Barcelona;54;1;2024;3;10;1;V
8;Barcelona;19;Barcelona;54;1;2024;3;11;1;V
8;Barcelona;19;Barcelona;54;1;2024;3;12;1;V
8;Barcelona;19;Barcelona;54;1;2024;3;13;1;V
8;Barcelona;19;Barcelona;54;1;2024;3;14;1;V
8;Barcelona;19;Barcelona;54;1;2024;3;15;1;V
8;Barcelona;19;Barcelona;54;1;2024;3;16;2;V
8;Barcelona;19;Barcelona;54;1;2024;3;17;2;V
8;Barcelona;19;Barcelona;54;1;2024;3;18;1;V
8;Barcelona;19;Barcelona;54;1;2024;3;19;1;V
8;Barcelona;19;Barcelona;54;1;2024;3;20;1;V
8;Barcelona;19;Barcelona;54;1;2024;3;21;1;V
8;Barcelona;19;Barcelona;54;1;2024;3;22;1;V
8;Barcelona;19;Barcelona;54;1;2024;3;23;2;V
8;Barcelona;19;Barcelona;54;1;2024;3;24;1;V
8;Barcelona;19;Barcelona;54;1;2024;3;25;1;V
8;Barcelona;19;Barcelona;54;1;2024;3;26;1;V
8;Barcelona;19;Barcelona;54;1;2024;3;27;1;V
8;Barcelona;19;Barcelona;54;1;2024;3;28;1;V
8;Barcelona;19;Barcelona;54;1;2024;3;29;1;V
8;Barcelona;19;Barcelona;54;1;2024;3;30;1;V
8;Barcelona;19;Barcelona;54;1;2024;3;31;1;V
8;Barcelona;19;Barcelona;54;6;2024;3;1;NA;N
8;Barcelona;19;Barcelona;54;6;2024;3;2;0.2;V
8;Barcelona;19;Barcelona;54;6;2024;3;3;0.2;V
8;Barcelona;19;Barcelona;54;6;2024;3;4;0.2;V
8;Barcelona;19;Barcelona;54;6;2024;3;5;0.2;V
8;Barcelona;19;Barcelona;54;6;2024;3;6;0.2;V
8;Barcelona;19;Barcelona;54;6;2024;3;7;0.2;V
8;Barcelona;19;Barcelona;54;6;2024;3;8;0.2;V
8;Barcelona;19;Barcelona;54;6;2024;3;9;0.2;V
8;Barcelona;19;Barcelona;54;6;2024;3;10;0.2;V
8;Barcelona;19;Barcelona;54;6;2024;3;11;0.2;V
8;Barcelona;19;Barcelona;54;6;2024;3;12;0.2;V
8;Barcelona;19;Barcelona;54;6;2024;3;13;0.3;V
8;Barcelona;19;Barcelona;54;6;2024;3;14;0.2;V
8;Barcelona;19;Barcelona;54;6;2024;3;15;0.3;V
8;Barcelona;19;Barcelona;54;6;2024;3;16;0.3;V
8;Barcelona;19;Barcelona;54;6;2024;3;17;0.3;V
8;Barcelona;19;Barcelona;54;6;2024;3;18;0.2;V
8;Barcelona;19;Barcelona;54;6;2024;3;19;0.3;V
8;Barcelona;19;Barcelona;54;6;2024;3;20;0.2;V
8;Barcelona;19;Barcelona;54;6;2024;3;21;0.2;V
8;Barcelona;19;Barcelona;54;6;2024;3;22;0.3;V
8;Barcelona;19;Barcelona;54;6;2024;3;23;0.2;V
8;Barcelona;19;Barcelona;54;6;2024;3;24;0.2;V
8;Barcelona;19;Barcelona;54;6;2024;3;25;0.2;V
8;Barcelona;19;Barcelona;54;6;2024;3;26;0.2;V
8;Barcelona;19;Barcelona;54;6;2024;3;27;0.2;V
8;Barcelona;19;Barcelona;54;6;2024;3;28;0.2;V
8;Barcelona;19;Barcelona;54;6;2024;3;29;0.2;V
8;Barcelona;19;Barcelona;54;6;2024;3;30;0.2;V
8;Barcelona;19;Barcelona;54;6;2024;3;31;0.2;V
8;Barcelona;19;Barcelona;54;7;2024;3;1;NA;N
8;Barcelona;19;Barcelona;54;7;2024;3;2;1;V
8;Barcelona;19;Barcelona;54;7;2024;3;3;2;V
8;Barcelona;19;Barcelona;54;7;2024;3;4;3;V
8;Barcelona;19;Barcelona;54;7;2024;3;5;3;V
8;Barcelona;19;Barcelona;54;7;2024;3;6;2;V
8;Barcelona;19;Barcelona;54;7;2024;3;7;4;V
8;Barcelona;19;Barcelona;54;7;2024;3;8;2;V
8;Barcelona;19;Barcelona;54;7;2024;3;9;1;V
8;Barcelona;19;Barcelona;54;7;2024;3;10;2;V
8;Barcelona;19;Barcelona;54;7;2024;3;11;4;V
8;Barcelona;19;Barcelona;54;7;2024;3;12;1;V
8;Barcelona;19;Barcelona;54;7;2024;3;13;12;V
8;Barcelona;19;Barcelona;54;7;2024;3;14;3;V
8;Barcelona;19;Barcelona;54;7;2024;3;15;3;V
8;Barcelona;19;Barcelona;54;7;2024;3;16;9;V
8;Barcelona;19;Barcelona;54;7;2024;3;17;3;V
8;Barcelona;19;Barcelona;54;7;2024;3;18;7;V
8;Barcelona;19;Barcelona;54;7;2024;3;19;12;V
8;Barcelona;19;Barcelona;54;7;2024;3;20;3;V
8;Barcelona;19;Barcelona;54;7;2024;3;21;2;V
8;Barcelona;19;Barcelona;54;7;2024;3;22;9;V
8;Barcelona;19;Barcelona;54;7;2024;3;23;5;V
8;Barcelona;19;Barcelona;54;7;2024;3;24;1;V
8;Barcelona;19;Barcelona;54;7;2024;3;25;4;V
8;Barcelona;19;Barcelona;54;7;2024;3;26;4;V
8;Barcelona;19;Barcelona;54;7;2024;3;27;2;V
8;Barcelona;19;Barcelona;54;7;2024;3;28;2;V
8;Barcelona;19;Barcelona;54;7;2024;3;29;1;V
8;Barcelona;19;Barcelona;54;7;2024;3;30;1;V
8;Barcelona;19;Barcelona;54;7;2024;3;31;1;V
8;Barcelona;19;Barcelona;54;8;2024;3;1;NA;N
8;Barcelona;19;Barcelona;54;8;2024;3;2;7;V
8;Barcelona;19;Barcelona;54;8;2024;3;3;12;V
8;Barcelona;19;Barcelona;54;8;2024;3;4;8;V
8;Barcelona;19;Barcelona;54;8;2024;3;5;8;V
8;Barcelona;19;Barcelona;54;8;2024;3;6;8;V
8;Barcelona;19;Barcelona;54;8;2024;3;7;23;V
8;Barcelona;19;Barcelona;54;8;2024;3;8;9;V
8;Barcelona;19;Barcelona;54;8;2024;3;9;11;V
8;Barcelona;19;Barcelona;54;8;2024;3;10;6;V
8;Barcelona;19;Barcelona;54;8;2024;3;11;10;V
8;Barcelona;19;Barcelona;54;8;2024;3;12;7;V
8;Barcelona;19;Barcelona;54;8;2024;3;13;34;V
8;Barcelona;19;Barcelona;54;8;2024;3;14;14;V
8;Barcelona;19;Barcelona;54;8;2024;3;15;14;V
8;Barcelona;19;Barcelona;54;8;2024;3;16;38;V
8;Barcelona;19;Barcelona;54;8;2024;3;17;15;V
8;Barcelona;19;Barcelona;54;8;2024;3;18;21;V
8;Barcelona;19;Barcelona;54;8;2024;3;19;38;V
8;Barcelona;19;Barcelona;54;8;2024;3;20;14;V
8;Barcelona;19;Barcelona;54;8;2024;3;21;9;V
8;Barcelona;19;Barcelona;54;8;2024;3;22;40;V
8;Barcelona;19;Barcelona;54;8;2024;3;23;23;V
8;Barcelona;19;Barcelona;54;8;2024;3;24;5;V
8;Barcelona;19;Barcelona;54;8;2024;3;25;25;V
8;Barcelona;19;Barcelona;54;8;2024;3;26;20;V
8;Barcelona;19;Barcelona;54;8;2024;3;27;8;V
8;Barcelona;19;Barcelona;54;8;2024;3;28;7;V
8;Barcelona;19;Barcelona;54;8;2024;3;29;6;V
8;Barcelona;19;Barcelona;54;8;2024;3;30;5;V
8;Barcelona;19;Barcelona;54;8;2024;3;31;5;V
8;Barcelona;19;Barcelona;54;10;2024;3;1;NA;N
8;Barcelona;19;Barcelona;54;10;2024;3;2;19;V
8;Barcelona;19;Barcelona;54;10;2024;3;3;8;V
8;Barcelona;19;Barcelona;54;10;2024;3;4;10;V
8;Barcelona;19;Barcelona;54;10;2024;3;5;12;V
8;Barcelona;19;Barcelona;54;10;2024;3;6;17;V
8;Barcelona;19;Barcelona;54;10;2024;3;7;19;V
8;Barcelona;19;Barcelona;54;10;2024;3;8;4;V
8;Barcelona;19;Barcelona;54;10;2024;3;9;24;V
8;Barcelona;19;Barcelona;54;10;2024;3;10;6;V
8;Barcelona;19;Barcelona;54;10;2024;3;11;10;V
8;Barcelona;19;Barcelona;54;10;2024;3;12;13;V
8;Barcelona;19;Barcelona;54;10;2024;3;13;31;V
8;Barcelona;19;Barcelona;54;10;2024;3;14;22;V
8;Barcelona;19;Barcelona;54;10;2024;3;15;NA;N
8;Barcelona;19;Barcelona;54;10;2024;3;16;36;V
8;Barcelona;19;Barcelona;54;10;2024;3;17;27;V
8;Barcelona;19;Barcelona;54;10;2024;3;18;NA;N
8;Barcelona;19;Barcelona;54;10;2024;3;19;31;V
8;Barcelona;19;Barcelona;54;10;2024;3;20;16;V
8;Barcelona;19;Barcelona;54;10;2024;3;21;9;V
8;Barcelona;19;Barcelona;54;10;2024;3;22;61;V
8;Barcelona;19;Barcelona;54;10;2024;3;23;29;V
8;Barcelona;19;Barcelona;54;10;2024;3;24;18;V
8;Barcelona;19;Barcelona;54;10;2024;3;25;12;V
8;Barcelona;19;Barcelona;54;10;2024;3;26;14;V
8;Barcelona;19;Barcelona;54;10;2024;3;27;8;V
8;Barcelona;19;Barcelona;54;10;2024;3;28;10;V
8;Barcelona;19;Barcelona;54;10;2024;3;29;36;V
8;Barcelona;19;Barcelona;54;10;2024;3;30;5;V
8;Barcelona;19;Barcelona;54;10;2024;3;31;10;V
8;Barcelona;19;Barcelona;54;12;2024;3;1;NA;N
8;Barcelona;19;Barcelona;54;12;2024;3;2;8;V
8;Barcelona;19;Barcelona;54;12;2024;3;3;16;V
8;Barcelona;19;Barcelona;54;12;2024;3;4;12;V
8;Barcelona;19;Barcelona;54;12;2024;3;5;13;V
8;Barcelona;19;Barcelona;54;12;2024;3;6;11;V
8;Barcelona;19;Barcelona;54;12;2024;3;7;29;V
8;Barcelona;19;Barcelona;54;12;2024;3;8;11;V
8;Barcelona;19;Barcelona;54;12;2024;3;9;12;V
8;Barcelona;19;Barcelona;54;12;2024;3;10;9;V
8;Barcelona;19;Barcelona;54;12;2024;3;11;15;V
8;Barcelona;19;Barcelona;54;12;2024;3;12;9;V
8;Barcelona;19;Barcelona;54;12;2024;3;13;51;V
8;Barcelona;19;Barcelona;54;12;2024;3;14;19;V
8;Barcelona;19;Barcelona;54;12;2024;3;15;18;V
8;Barcelona;19;Barcelona;54;12;2024;3;16;52;V
8;Barcelona;19;Barcelona;54;12;2024;3;17;20;V
8;Barcelona;19;Barcelona;54;12;2024;3;18;32;V
8;Barcelona;19;Barcelona;54;12;2024;3;19;57;V
8;Barcelona;19;Barcelona;54;12;2024;3;20;19;V
8;Barcelona;19;Barcelona;54;12;2024;3;21;11;V
8;Barcelona;19;Barcelona;54;12;2024;3;22;54;V
8;Barcelona;19;Barcelona;54;12;2024;3;23;32;V
8;Barcelona;19;Barcelona;54;12;2024;3;24;6;V
8;Barcelona;19;Barcelona;54;12;2024;3;25;30;V
8;Barcelona;19;Barcelona;54;12;2024;3;26;26;V
8;Barcelona;19;Barcelona;54;12;2024;3;27;11;V
8;Barcelona;19;Barcelona;54;12;2024;3;28;9;V
8;Barcelona;19;Barcelona;54;12;2024;3;29;8;V
8;Barcelona;19;Barcelona;54;12;2024;3;30;8;V
8;Barcelona;19;Barcelona;54;12;2024;3;31;6;V
8;Barcelona;19;Barcelona;54;14;2024;3;1;NA;N
8;Barcelona;19;Barcelona;54;14;2024;3;2;88;V
8;Barcelona;19;Barcelona;54;14;2024;3;3;65;V
8;Barcelona;19;Barcelona;54;14;2024;3;4;77;V
8;Barcelona;19;Barcelona;54;14;2024;3;5;63;V
8;Barcelona;19;Barcelona;54;14;2024;3;6;74;V
8;Barcelona;19;Barcelona;54;14;2024;3;7;78;V
8;Barcelona;19;Barcelona;54;14;2024;3;8;87;V
8;Barcelona;19;Barcelona;54;14;2024;3;9;79;V
8;Barcelona;19;Barcelona;54;14;2024;3;10;79;V
8;Barcelona;19;Barcelona;54;14;2024;3;11;67;V
8;Barcelona;19;Barcelona;54;14;2024;3;12;83;V
8;Barcelona;19;Barcelona;54;14;2024;3;13;55;V
8;Barcelona;19;Barcelona;54;14;2024;3;14;92;V
8;Barcelona;19;Barcelona;54;14;2024;3;15;84;V
8;Barcelona;19;Barcelona;54;14;2024;3;16;71;V
8;Barcelona;19;Barcelona;54;14;2024;3;17;85;V
8;Barcelona;19;Barcelona;54;14;2024;3;18;57;V
8;Barcelona;19;Barcelona;54;14;2024;3;19;50;V
8;Barcelona;19;Barcelona;54;14;2024;3;20;81;V
8;Barcelona;19;Barcelona;54;14;2024;3;21;87;V
8;Barcelona;19;Barcelona;54;14;2024;3;22;71;V
8;Barcelona;19;Barcelona;54;14;2024;3;23;70;V
8;Barcelona;19;Barcelona;54;14;2024;3;24;74;V
8;Barcelona;19;Barcelona;54;14;2024;3;25;62;V
8;Barcelona;19;Barcelona;54;14;2024;3;26;53;V
8;Barcelona;19;Barcelona;54;14;2024;3;27;73;V
8;Barcelona;19;Barcelona;54;14;2024;3;28;87;V
8;Barcelona;19;Barcelona;54;14;2024;3;29;80;V
8;Barcelona;19;Barcelona;54;14;2024;3;30;90;V
8;Barcelona;19;Barcelona;54;14;2024;3;31;82;V
8;Barcelona;19;Barcelona;54;22;2024;3;1;NA;N
8;Barcelona;19;Barcelona;54;22;2024;3;2;371;V
8;Barcelona;19;Barcelona;54;22;2024;3;3;534;V
8;Barcelona;19;Barcelona;54;22;2024;3;4;297;V
8;Barcelona;19;Barcelona;54;22;2024;3;5;423;V
8;Barcelona;19;Barcelona;54;22;2024;3;6;397;V
8;Barcelona;19;Barcelona;54;22;2024;3;7;792;V
8;Barcelona;19;Barcelona;54;22;2024;3;8;235;V
8;Barcelona;19;Barcelona;54;22;2024;3;9;381;V
8;Barcelona;19;Barcelona;54;22;2024;3;10;202;V
8;Barcelona;19;Barcelona;54;22;2024;3;11;389;V
8;Barcelona;19;Barcelona;54;22;2024;3;12;264;V
8;Barcelona;19;Barcelona;54;22;2024;3;13;1345;V
8;Barcelona;19;Barcelona;54;22;2024;3;14;593;V
8;Barcelona;19;Barcelona;54;22;2024;3;15;1113;V
8;Barcelona;19;Barcelona;54;22;2024;3;16;1759;V
8;Barcelona;19;Barcelona;54;22;2024;3;17;1186;V
8;Barcelona;19;Barcelona;54;22;2024;3;18;1252;V
8;Barcelona;19;Barcelona;54;22;2024;3;19;1600;V
8;Barcelona;19;Barcelona;54;22;2024;3;20;545;V
8;Barcelona;19;Barcelona;54;22;2024;3;21;502;V
8;Barcelona;19;Barcelona;54;22;2024;3;22;1814;V
8;Barcelona;19;Barcelona;54;22;2024;3;23;1074;V
8;Barcelona;19;Barcelona;54;22;2024;3;24;238;V
8;Barcelona;19;Barcelona;54;22;2024;3;25;610;V
8;Barcelona;19;Barcelona;54;22;2024;3;26;750;V
8;Barcelona;19;Barcelona;54;22;2024;3;27;282;V
8;Barcelona;19;Barcelona;54;22;2024;3;28;199;V
8;Barcelona;19;Barcelona;54;22;2024;3;29;412;V
8;Barcelona;19;Barcelona;54;22;2024;3;30;209;V
8;Barcelona;19;Barcelona;54;22;2024;3;31;212;V
8;Barcelona;19;Barcelona;54;901;2024;3;1;NA;N
8;Barcelona;19;Barcelona;54;901;2024;3;2;0;V
8;Barcelona;19;Barcelona;54;901;2024;3;3;0;V
8;Barcelona;19;Barcelona;54;901;2024;3;4;0;V
8;Barcelona;19;Barcelona;54;901;2024;3;5;0;V
8;Barcelona;19;Barcelona;54;901;2024;3;6;0;V
8;Barcelona;19;Barcelona;54;901;2024;3;7;0;V
8;Barcelona;19;Barcelona;54;901;2024;3;8;0;V
8;Barcelona;19;Barcelona;54;901;2024;3;9;0;V
8;Barcelona;19;Barcelona;54;901;2024;3;10;0;V
8;Barcelona;19;Barcelona;54;901;2024;3;11;0;V
8;Barcelona;19;Barcelona;54;901;2024;3;12;0;V
8;Barcelona;19;Barcelona;54;901;2024;3;13;0;V
8;Barcelona;19;Barcelona;54;901;2024;3;14;0;V
8;Barcelona;19;Barcelona;54;901;2024;3;15;0;V
8;Barcelona;19;Barcelona;54;901;2024;3;16;0;V
8;Barcelona;19;Barcelona;54;901;2024;3;17;0;V
8;Barcelona;19;Barcelona;54;901;2024;3;18;0;V
8;Barcelona;19;Barcelona;54;901;2024;3;19;0;V
8;Barcelona;19;Barcelona;54;901;2024;3;20;0;V
8;Barcelona;19;Barcelona;54;901;2024;3;21;0;V
8;Barcelona;19;Barcelona;54;901;2024;3;22;0;V
8;Barcelona;19;Barcelona;54;901;2024;3;23;0;V
8;Barcelona;19;Barcelona;54;901;2024;3;24;0;V
8;Barcelona;19;Barcelona;54;901;2024;3;25;0;V
8;Barcelona;19;Barcelona;54;901;2024;3;26;0;V
8;Barcelona;19;Barcelona;54;901;2024;3;27;0;V
8;Barcelona;19;Barcelona;54;901;2024;3;28;0;V
8;Barcelona;19;Barcelona;54;901;2024;3;29;0;V
8;Barcelona;19;Barcelona;54;901;2024;3;30;0;V
8;Barcelona;19;Barcelona;54;901;2024;3;31;0;V
8;Barcelona;19;Barcelona;54;996;2024;3;1;NA;N
8;Barcelona;19;Barcelona;54;996;2024;3;2;1076;V
8;Barcelona;19;Barcelona;54;996;2024;3;3;1064;V
8;Barcelona;19;Barcelona;54;996;2024;3;4;1076;V
8;Barcelona;19;Barcelona;54;996;2024;3;5;1064;V
8;Barcelona;19;Barcelona;54;996;2024;3;6;1064.3;V
8;Barcelona;19;Barcelona;54;996;2024;3;7;1051.2;V
8;Barcelona;19;Barcelona;54;996;2024;3;8;1051;V
8;Barcelona;19;Barcelona;54;996;2024;3;9;1076;V
8;Barcelona;19;Barcelona;54;996;2024;3;10;1076;V
8;Barcelona;19;Barcelona;54;996;2024;3;11;1089;V
8;Barcelona;19;Barcelona;54;996;2024;3;12;1064;V
8;Barcelona;19;Barcelona;54;996;2024;3;13;1076;V
8;Barcelona;19;Barcelona;54;996;2024;3;14;1089;V
8;Barcelona;19;Barcelona;54;996;2024;3;15;1075.5;V
8;Barcelona;19;Barcelona;54;996;2024;3;16;1048.9;V
8;Barcelona;19;Barcelona;54;996;2024;3;17;1064;V
8;Barcelona;19;Barcelona;54;996;2024;3;18;1042.5;V
8;Barcelona;19;Barcelona;54;996;2024;3;19;1076;V
8;Barcelona;19;Barcelona;54;996;2024;3;20;1051.2;V
8;Barcelona;19;Barcelona;54;996;2024;3;21;1083.4;V
8;Barcelona;19;Barcelona;54;996;2024;3;22;1076;V
8;Barcelona;19;Barcelona;54;996;2024;3;23;1050.5;V
8;Barcelona;19;Barcelona;54;996;2024;3;24;1064;V
8;Barcelona;19;Barcelona;54;996;2024;3;25;1051;V
8;Barcelona;19;Barcelona;54;996;2024;3;26;1064;V
8;Barcelona;19;Barcelona;54;996;2024;3;27;1076;V
8;Barcelona;19;Barcelona;54;996;2024;3;28;1076;V
8;Barcelona;19;Barcelona;54;996;2024;3;29;1064;V
8;Barcelona;19;Barcelona;54;996;2024;3;30;1076;V
8;Barcelona;19;Barcelona;54;996;2024;3;31;1076;V
8;Barcelona;19;Barcelona;54;997;2024;3;1;NA;N
8;Barcelona;19;Barcelona;54;997;2024;3;2;3893;V
8;Barcelona;19;Barcelona;54;997;2024;3;3;3905;V
8;Barcelona;19;Barcelona;54;997;2024;3;4;3893;V
8;Barcelona;19;Barcelona;54;997;2024;3;5;3905;V
8;Barcelona;19;Barcelona;54;997;2024;3;6;3904.8;V
8;Barcelona;19;Barcelona;54;997;2024;3;7;3917.9;V
8;Barcelona;19;Barcelona;54;997;2024;3;8;3918;V
8;Barcelona;19;Barcelona;54;997;2024;3;9;3893;V
8;Barcelona;19;Barcelona;54;997;2024;3;10;3893;V
8;Barcelona;19;Barcelona;54;997;2024;3;11;3880;V
8;Barcelona;19;Barcelona;54;997;2024;3;12;3905;V
8;Barcelona;19;Barcelona;54;997;2024;3;13;3893;V
8;Barcelona;19;Barcelona;54;997;2024;3;14;3880;V
8;Barcelona;19;Barcelona;54;997;2024;3;15;3893.5;V
8;Barcelona;19;Barcelona;54;997;2024;3;16;3920.1;V
8;Barcelona;19;Barcelona;54;997;2024;3;17;3905;V
8;Barcelona;19;Barcelona;54;997;2024;3;18;3926.5;V
8;Barcelona;19;Barcelona;54;997;2024;3;19;3893;V
8;Barcelona;19;Barcelona;54;997;2024;3;20;3917.8;V
8;Barcelona;19;Barcelona;54;997;2024;3;21;3885.7;V
8;Barcelona;19;Barcelona;54;997;2024;3;22;3893;V
8;Barcelona;19;Barcelona;54;997;2024;3;23;3918.6;V
8;Barcelona;19;Barcelona;54;997;2024;3;24;3905;V
8;Barcelona;19;Barcelona;54;997;2024;3;25;3918;V
8;Barcelona;19;Barcelona;54;997;2024;3;26;3905;V
8;Barcelona;19;Barcelona;54;997;2024;3;27;3893;V
8;Barcelona;19;Barcelona;54;997;2024;3;28;3893;V
8;Barcelona;19;Barcelona;54;997;2024;3;29;3905;V
8;Barcelona;19;Barcelona;54;997;2024;3;30;3893;V
8;Barcelona;19;Barcelona;54;997;2024;3;31;3893;V
8;Barcelona;19;Barcelona;54;998;2024;3;1;NA;N
8;Barcelona;19;Barcelona;54;998;2024;3;2;4969;V
8;Barcelona;19;Barcelona;54;998;2024;3;3;4969;V
8;Barcelona;19;Barcelona;54;998;2024;3;4;4969;V
8;Barcelona;19;Barcelona;54;998;2024;3;5;4969;V
8;Barcelona;19;Barcelona;54;998;2024;3;6;4969;V
8;Barcelona;19;Barcelona;54;998;2024;3;7;4969;V
8;Barcelona;19;Barcelona;54;998;2024;3;8;4969;V
8;Barcelona;19;Barcelona;54;998;2024;3;9;4969;V
8;Barcelona;19;Barcelona;54;998;2024;3;10;4969;V
8;Barcelona;19;Barcelona;54;998;2024;3;11;4969;V
8;Barcelona;19;Barcelona;54;998;2024;3;12;4969;V
8;Barcelona;19;Barcelona;54;998;2024;3;13;4969;V
8;Barcelona;19;Barcelona;54;998;2024;3;14;4969;V
8;Barcelona;19;Barcelona;54;998;2024;3;15;4969;V
8;Barcelona;19;Barcelona;54;998;2024;3;16;4969;V
8;Barcelona;19;Barcelona;54;998;2024;3;17;4969;V
8;Barcelona;19;Barcelona;54;998;2024;3;18;4969;V
8;Barcelona;19;Barcelona;54;998;2024;3;19;4969;V
8;Barcelona;19;Barcelona;54;998;2024;3;20;4969;V
8;Barcelona;19;Barcelona;54;998;2024;3;21;4969;V
8;Barcelona;19;Barcelona;54;998;2024;3;22;4969;V
8;Barcelona;19;Barcelona;54;998;2024;3;23;4969;V
8;Barcelona;19;Barcelona;54;998;2024;3;24;4969;V
8;Barcelona;19;Barcelona;54;998;2024;3;25;4969;V
8;Barcelona;19;Barcelona;54;998;2024;3;26;4969;V
8;Barcelona;19;Barcelona;54;998;2024;3;27;4969;V
8;Barcelona;19;Barcelona;54;998;2024;3;28;4969;V
8;Barcelona;19;Barcelona;54;998;2024;3;29;4969;V
8;Barcelona;19;Barcelona;54;998;2024;3;30;4969;V
8;Barcelona;19;Barcelona;54;998;2024;3;31;4969;V
8;Barcelona;19;Barcelona;54;999;2024;3;1;NA;N
8;Barcelona;19;Barcelona;54;999;2024;3;2;23.4;V
8;Barcelona;19;Barcelona;54;999;2024;3;3;22;V
8;Barcelona;19;Barcelona;54;999;2024;3;4;13.4;V
8;Barcelona;19;Barcelona;54;999;2024;3;5;20.7;V
8;Barcelona;19;Barcelona;54;999;2024;3;6;10.6;V
8;Barcelona;19;Barcelona;54;999;2024;3;7;8.4;V
8;Barcelona;19;Barcelona;54;999;2024;3;8;19;V
8;Barcelona;19;Barcelona;54;999;2024;3;9;5.6;V
8;Barcelona;19;Barcelona;54;999;2024;3;10;19.7;V
8;Barcelona;19;Barcelona;54;999;2024;3;11;13.6;V
8;Barcelona;19;Barcelona;54;999;2024;3;12;14.3;V
8;Barcelona;19;Barcelona;54;999;2024;3;13;18.6;V
8;Barcelona;19;Barcelona;54;999;2024;3;14;16.2;V
8;Barcelona;19;Barcelona;54;999;2024;3;15;8.7;V
8;Barcelona;19;Barcelona;54;999;2024;3;16;15.9;V
8;Barcelona;19;Barcelona;54;999;2024;3;17;11.6;V
8;Barcelona;19;Barcelona;54;999;2024;3;18;8.8;V
8;Barcelona;19;Barcelona;54;999;2024;3;19;11;V
8;Barcelona;19;Barcelona;54;999;2024;3;20;10.8;V
8;Barcelona;19;Barcelona;54;999;2024;3;21;11.4;V
8;Barcelona;19;Barcelona;54;999;2024;3;22;14.3;V
8;Barcelona;19;Barcelona;54;999;2024;3;23;18.9;V
8;Barcelona;19;Barcelona;54;999;2024;3;24;15.9;V
8;Barcelona;19;Barcelona;54;999;2024;3;25;9.6;V
8;Barcelona;19;Barcelona;54;999;2024;3;26;10.5;V
8;Barcelona;19;Barcelona;54;999;2024;3;27;21.5;V
8;Barcelona;19;Barcelona;54;999;2024;3;28;13;V
8;Barcelona;19;Barcelona;54;999;2024;3;29;10.9;V
8;Barcelona;19;Barcelona;54;999;2024;3;30;28.6;V
8;Barcelona;19;Barcelona;54;999;2024;3;31;12.1;V
8;Barcelona;19;Barcelona;57;1;2024;3;1;3;V
8;Barcelona;19;Barcelona;57;1;2024;3;2;3;V
8;Barcelona;19;Barcelona;57;1;2024;3;3;3;V
8;Barcelona;19;Barcelona;57;1;2024;3;4;3;V
8;Barcelona;19;Barcelona;57;1;2024;3;5;4;V
8;Barcelona;19;Barcelona;57;1;2024;3;6;NA;N
8;Barcelona;19;Barcelona;57;1;2024;3;7;4;V
8;Barcelona;19;Barcelona;57;1;2024;3;8;3;V
8;Barcelona;19;Barcelona;57;1;2024;3;9;3;V
8;Barcelona;19;Barcelona;57;1;2024;3;10;3;V
8;Barcelona;19;Barcelona;57;1;2024;3;11;3;V
8;Barcelona;19;Barcelona;57;1;2024;3;12;3;V
8;Barcelona;19;Barcelona;57;1;2024;3;13;4;V
8;Barcelona;19;Barcelona;57;1;2024;3;14;3;V
8;Barcelona;19;Barcelona;57;1;2024;3;15;4;V
8;Barcelona;19;Barcelona;57;1;2024;3;16;7;V
8;Barcelona;19;Barcelona;57;1;2024;3;17;5;V
8;Barcelona;19;Barcelona;57;1;2024;3;18;4;V
8;Barcelona;19;Barcelona;57;1;2024;3;19;NA;N
8;Barcelona;19;Barcelona;57;1;2024;3;20;4;V
8;Barcelona;19;Barcelona;57;1;2024;3;21;3;V
8;Barcelona;19;Barcelona;57;1;2024;3;22;4;V
8;Barcelona;19;Barcelona;57;1;2024;3;23;5;V
8;Barcelona;19;Barcelona;57;1;2024;3;24;4;V
8;Barcelona;19;Barcelona;57;1;2024;3;25;3;V
8;Barcelona;19;Barcelona;57;1;2024;3;26;3;V
8;Barcelona;19;Barcelona;57;1;2024;3;27;3;V
8;Barcelona;19;Barcelona;57;1;2024;3;28;3;V
8;Barcelona;19;Barcelona;57;1;2024;3;29;3;V
8;Barcelona;19;Barcelona;57;1;2024;3;30;4;V
8;Barcelona;19;Barcelona;57;1;2024;3;31;3;V
8;Barcelona;19;Barcelona;57;6;2024;3;1;0.3;V
8;Barcelona;19;Barcelona;57;6;2024;3;2;0.2;V
8;Barcelona;19;Barcelona;57;6;2024;3;3;0.3;V
8;Barcelona;19;Barcelona;57;6;2024;3;4;0.5;V
8;Barcelona;19;Barcelona;57;6;2024;3;5;0.3;V
8;Barcelona;19;Barcelona;57;6;2024;3;6;NA;N
8;Barcelona;19;Barcelona;57;6;2024;3;7;0.3;V
8;Barcelona;19;Barcelona;57;6;2024;3;8;0.3;V
8;Barcelona;19;Barcelona;57;6;2024;3;9;0.3;V
8;Barcelona;19;Barcelona;57;6;2024;3;10;0.4;V
8;Barcelona;19;Barcelona;57;6;2024;3;11;0.3;V
8;Barcelona;19;Barcelona;57;6;2024;3;12;0.3;V
8;Barcelona;19;Barcelona;57;6;2024;3;13;0.3;V
8;Barcelona;19;Barcelona;57;6;2024;3;14;0.3;V
8;Barcelona;19;Barcelona;57;6;2024;3;15;0.3;V
8;Barcelona;19;Barcelona;57;6;2024;3;16;0.2;V
8;Barcelona;19;Barcelona;57;6;2024;3;17;0.1;V
8;Barcelona;19;Barcelona;57;6;2024;3;18;0.3;V
8;Barcelona;19;Barcelona;57;6;2024;3;19;NA;N
8;Barcelona;19;Barcelona;57;6;2024;3;20;0.2;V
8;Barcelona;19;Barcelona;57;6;2024;3;21;0.2;V
8;Barcelona;19;Barcelona;57;6;2024;3;22;0.3;V
8;Barcelona;19;Barcelona;57;6;2024;3;23;0.4;V
8;Barcelona;19;Barcelona;57;6;2024;3;24;0.2;V
8;Barcelona;19;Barcelona;57;6;2024;3;25;0.2;V
8;Barcelona;19;Barcelona;57;6;2024;3;26;0.3;V
8;Barcelona;19;Barcelona;57;6;2024;3;27;0.4;V
8;Barcelona;19;Barcelona;57;6;2024;3;28;0.3;V
8;Barcelona;19;Barcelona;57;6;2024;3;29;0.3;V
8;Barcelona;19;Barcelona;57;6;2024;3;30;0.3;V
8;Barcelona;19;Barcelona;57;6;2024;3;31;0.4;V
8;Barcelona;19;Barcelona;57;7;2024;3;1;3;V
8;Barcelona;19;Barcelona;57;7;2024;3;2;2;V
8;Barcelona;19;Barcelona;57;7;2024;3;3;2;V
8;Barcelona;19;Barcelona;57;7;2024;3;4;3;V
8;Barcelona;19;Barcelona;57;7;2024;3;5;3;V
8;Barcelona;19;Barcelona;57;7;2024;3;6;NA;N
8;Barcelona;19;Barcelona;57;7;2024;3;7;7;V
8;Barcelona;19;Barcelona;57;7;2024;3;8;2;V
8;Barcelona;19;Barcelona;57;7;2024;3;9;1;V
8;Barcelona;19;Barcelona;57;7;2024;3;10;2;V
8;Barcelona;19;Barcelona;57;7;2024;3;11;3;V
8;Barcelona;19;Barcelona;57;7;2024;3;12;3;V
8;Barcelona;19;Barcelona;57;7;2024;3;13;10;V
8;Barcelona;19;Barcelona;57;7;2024;3;14;2;V
8;Barcelona;19;Barcelona;57;7;2024;3;15;4;V
8;Barcelona;19;Barcelona;57;7;2024;3;16;14;V
8;Barcelona;19;Barcelona;57;7;2024;3;17;2;V
8;Barcelona;19;Barcelona;57;7;2024;3;18;9;V
8;Barcelona;19;Barcelona;57;7;2024;3;19;NA;N
8;Barcelona;19;Barcelona;57;7;2024;3;20;3;V
8;Barcelona;19;Barcelona;57;7;2024;3;21;2;V
8;Barcelona;19;Barcelona;57;7;2024;3;22;6;V
8;Barcelona;19;Barcelona;57;7;2024;3;23;6;V
8;Barcelona;19;Barcelona;57;7;2024;3;24;2;V
8;Barcelona;19;Barcelona;57;7;2024;3;25;2;V
8;Barcelona;19;Barcelona;57;7;2024;3;26;4;V
8;Barcelona;19;Barcelona;57;7;2024;3;27;2;V
8;Barcelona;19;Barcelona;57;7;2024;3;28;1;V
8;Barcelona;19;Barcelona;57;7;2024;3;29;2;V
8;Barcelona;19;Barcelona;57;7;2024;3;30;2;V
8;Barcelona;19;Barcelona;57;7;2024;3;31;2;V
8;Barcelona;19;Barcelona;57;8;2024;3;1;8;V
8;Barcelona;19;Barcelona;57;8;2024;3;2;6;V
8;Barcelona;19;Barcelona;57;8;2024;3;3;9;V
8;Barcelona;19;Barcelona;57;8;2024;3;4;9;V
8;Barcelona;19;Barcelona;57;8;2024;3;5;8;V
8;Barcelona;19;Barcelona;57;8;2024;3;6;NA;N
8;Barcelona;19;Barcelona;57;8;2024;3;7;36;V
8;Barcelona;19;Barcelona;57;8;2024;3;8;9;V
8;Barcelona;19;Barcelona;57;8;2024;3;9;10;V
8;Barcelona;19;Barcelona;57;8;2024;3;10;5;V
8;Barcelona;19;Barcelona;57;8;2024;3;11;6;V
8;Barcelona;19;Barcelona;57;8;2024;3;12;14;V
8;Barcelona;19;Barcelona;57;8;2024;3;13;28;V
8;Barcelona;19;Barcelona;57;8;2024;3;14;9;V
8;Barcelona;19;Barcelona;57;8;2024;3;15;16;V
8;Barcelona;19;Barcelona;57;8;2024;3;16;43;V
8;Barcelona;19;Barcelona;57;8;2024;3;17;7;V
8;Barcelona;19;Barcelona;57;8;2024;3;18;20;V
8;Barcelona;19;Barcelona;57;8;2024;3;19;NA;N
8;Barcelona;19;Barcelona;57;8;2024;3;20;11;V
8;Barcelona;19;Barcelona;57;8;2024;3;21;11;V
8;Barcelona;19;Barcelona;57;8;2024;3;22;27;V
8;Barcelona;19;Barcelona;57;8;2024;3;23;27;V
8;Barcelona;19;Barcelona;57;8;2024;3;24;11;V
8;Barcelona;19;Barcelona;57;8;2024;3;25;28;V
8;Barcelona;19;Barcelona;57;8;2024;3;26;22;V
8;Barcelona;19;Barcelona;57;8;2024;3;27;5;V
8;Barcelona;19;Barcelona;57;8;2024;3;28;4;V
8;Barcelona;19;Barcelona;57;8;2024;3;29;5;V
8;Barcelona;19;Barcelona;57;8;2024;3;30;5;V
8;Barcelona;19;Barcelona;57;8;2024;3;31;6;V
8;Barcelona;19;Barcelona;57;9;2024;3;1;3;V
8;Barcelona;19;Barcelona;57;9;2024;3;2;6;V
8;Barcelona;19;Barcelona;57;9;2024;3;3;2;V
8;Barcelona;19;Barcelona;57;9;2024;3;4;2;V
8;Barcelona;19;Barcelona;57;9;2024;3;5;4;V
8;Barcelona;19;Barcelona;57;9;2024;3;6;NA;N
8;Barcelona;19;Barcelona;57;9;2024;3;7;12;V
8;Barcelona;19;Barcelona;57;9;2024;3;8;1;V
8;Barcelona;19;Barcelona;57;9;2024;3;9;8;V
8;Barcelona;19;Barcelona;57;9;2024;3;10;3;V
8;Barcelona;19;Barcelona;57;9;2024;3;11;2;V
8;Barcelona;19;Barcelona;57;9;2024;3;12;4;V
8;Barcelona;19;Barcelona;57;9;2024;3;13;10;V
8;Barcelona;19;Barcelona;57;9;2024;3;14;8;V
8;Barcelona;19;Barcelona;57;9;2024;3;15;17;V
8;Barcelona;19;Barcelona;57;9;2024;3;16;22;V
8;Barcelona;19;Barcelona;57;9;2024;3;17;21;V
8;Barcelona;19;Barcelona;57;9;2024;3;18;25;V
8;Barcelona;19;Barcelona;57;9;2024;3;19;NA;N
8;Barcelona;19;Barcelona;57;9;2024;3;20;4;V
8;Barcelona;19;Barcelona;57;9;2024;3;21;9;V
8;Barcelona;19;Barcelona;57;9;2024;3;22;13;V
8;Barcelona;19;Barcelona;57;9;2024;3;23;12;V
8;Barcelona;19;Barcelona;57;9;2024;3;24;5;V
8;Barcelona;19;Barcelona;57;9;2024;3;25;6;V
8;Barcelona;19;Barcelona;57;9;2024;3;26;8;V
8;Barcelona;19;Barcelona;57;9;2024;3;27;1;V
8;Barcelona;19;Barcelona;57;9;2024;3;28;1;V
8;Barcelona;19;Barcelona;57;9;2024;3;29;9;V
8;Barcelona;19;Barcelona;57;9;2024;3;30;2;V
8;Barcelona;19;Barcelona;57;9;2024;3;31;2;V
8;Barcelona;19;Barcelona;57;10;2024;3;1;6;V
8;Barcelona;19;Barcelona;57;10;2024;3;2;9;V
8;Barcelona;19;Barcelona;57;10;2024;3;3;3;V
8;Barcelona;19;Barcelona;57;10;2024;3;4;3;V
8;Barcelona;19;Barcelona;57;10;2024;3;5;6;V
8;Barcelona;19;Barcelona;57;10;2024;3;6;NA;N
8;Barcelona;19;Barcelona;57;10;2024;3;7;19;V
8;Barcelona;19;Barcelona;57;10;2024;3;8;2;V
8;Barcelona;19;Barcelona;57;10;2024;3;9;9;V
8;Barcelona;19;Barcelona;57;10;2024;3;10;4;V
8;Barcelona;19;Barcelona;57;10;2024;3;11;3;V
8;Barcelona;19;Barcelona;57;10;2024;3;12;7;V
8;Barcelona;19;Barcelona;57;10;2024;3;13;14;V
8;Barcelona;19;Barcelona;57;10;2024;3;14;12;V
8;Barcelona;19;Barcelona;57;10;2024;3;15;20;V
8;Barcelona;19;Barcelona;57;10;2024;3;16;27;V
8;Barcelona;19;Barcelona;57;10;2024;3;17;22;V
8;Barcelona;19;Barcelona;57;10;2024;3;18;27;V
8;Barcelona;19;Barcelona;57;10;2024;3;19;NA;N
8;Barcelona;19;Barcelona;57;10;2024;3;20;6;V
8;Barcelona;19;Barcelona;57;10;2024;3;21;11;V
8;Barcelona;19;Barcelona;57;10;2024;3;22;27;V
8;Barcelona;19;Barcelona;57;10;2024;3;23;18;V
8;Barcelona;19;Barcelona;57;10;2024;3;24;6;V
8;Barcelona;19;Barcelona;57;10;2024;3;25;8;V
8;Barcelona;19;Barcelona;57;10;2024;3;26;9;V
8;Barcelona;19;Barcelona;57;10;2024;3;27;2;V
8;Barcelona;19;Barcelona;57;10;2024;3;28;2;V
8;Barcelona;19;Barcelona;57;10;2024;3;29;11;V
8;Barcelona;19;Barcelona;57;10;2024;3;30;2;V
8;Barcelona;19;Barcelona;57;10;2024;3;31;3;V
8;Barcelona;19;Barcelona;57;12;2024;3;1;12;V
8;Barcelona;19;Barcelona;57;12;2024;3;2;9;V
8;Barcelona;19;Barcelona;57;12;2024;3;3;13;V
8;Barcelona;19;Barcelona;57;12;2024;3;4;14;V
8;Barcelona;19;Barcelona;57;12;2024;3;5;12;V
8;Barcelona;19;Barcelona;57;12;2024;3;6;NA;N
8;Barcelona;19;Barcelona;57;12;2024;3;7;45;V
8;Barcelona;19;Barcelona;57;12;2024;3;8;13;V
8;Barcelona;19;Barcelona;57;12;2024;3;9;12;V
8;Barcelona;19;Barcelona;57;12;2024;3;10;7;V
8;Barcelona;19;Barcelona;57;12;2024;3;11;10;V
8;Barcelona;19;Barcelona;57;12;2024;3;12;19;V
8;Barcelona;19;Barcelona;57;12;2024;3;13;43;V
8;Barcelona;19;Barcelona;57;12;2024;3;14;12;V
8;Barcelona;19;Barcelona;57;12;2024;3;15;22;V
8;Barcelona;19;Barcelona;57;12;2024;3;16;64;V
8;Barcelona;19;Barcelona;57;12;2024;3;17;10;V
8;Barcelona;19;Barcelona;57;12;2024;3;18;35;V
8;Barcelona;19;Barcelona;57;12;2024;3;19;NA;N
8;Barcelona;19;Barcelona;57;12;2024;3;20;15;V
8;Barcelona;19;Barcelona;57;12;2024;3;21;15;V
8;Barcelona;19;Barcelona;57;12;2024;3;22;35;V
8;Barcelona;19;Barcelona;57;12;2024;3;23;36;V
8;Barcelona;19;Barcelona;57;12;2024;3;24;13;V
8;Barcelona;19;Barcelona;57;12;2024;3;25;31;V
8;Barcelona;19;Barcelona;57;12;2024;3;26;28;V
8;Barcelona;19;Barcelona;57;12;2024;3;27;7;V
8;Barcelona;19;Barcelona;57;12;2024;3;28;7;V
8;Barcelona;19;Barcelona;57;12;2024;3;29;7;V
8;Barcelona;19;Barcelona;57;12;2024;3;30;9;V
8;Barcelona;19;Barcelona;57;12;2024;3;31;8;V
8;Barcelona;19;Barcelona;57;14;2024;3;1;65;V
8;Barcelona;19;Barcelona;57;14;2024;3;2;84;V
8;Barcelona;19;Barcelona;57;14;2024;3;3;65;V
8;Barcelona;19;Barcelona;57;14;2024;3;4;71;V
8;Barcelona;19;Barcelona;57;14;2024;3;5;60;V
8;Barcelona;19;Barcelona;57;14;2024;3;6;NA;N
8;Barcelona;19;Barcelona;57;14;2024;3;7;58;V
8;Barcelona;19;Barcelona;57;14;2024;3;8;81;V
8;Barcelona;19;Barcelona;57;14;2024;3;9;78;V
8;Barcelona;19;Barcelona;57;14;2024;3;10;78;V
8;Barcelona;19;Barcelona;57;14;2024;3;11;69;V
8;Barcelona;19;Barcelona;57;14;2024;3;12;73;V
8;Barcelona;19;Barcelona;57;14;2024;3;13;54;V
8;Barcelona;19;Barcelona;57;14;2024;3;14;93;V
8;Barcelona;19;Barcelona;57;14;2024;3;15;76;V
8;Barcelona;19;Barcelona;57;14;2024;3;16;46;V
8;Barcelona;19;Barcelona;57;14;2024;3;17;91;V
8;Barcelona;19;Barcelona;57;14;2024;3;18;56;V
8;Barcelona;19;Barcelona;57;14;2024;3;19;NA;N
8;Barcelona;19;Barcelona;57;14;2024;3;20;78;V
8;Barcelona;19;Barcelona;57;14;2024;3;21;81;V
8;Barcelona;19;Barcelona;57;14;2024;3;22;62;V
8;Barcelona;19;Barcelona;57;14;2024;3;23;58;V
8;Barcelona;19;Barcelona;57;14;2024;3;24;66;V
8;Barcelona;19;Barcelona;57;14;2024;3;25;57;V
8;Barcelona;19;Barcelona;57;14;2024;3;26;53;V
8;Barcelona;19;Barcelona;57;14;2024;3;27;74;V
8;Barcelona;19;Barcelona;57;14;2024;3;28;85;V
8;Barcelona;19;Barcelona;57;14;2024;3;29;78;V
8;Barcelona;19;Barcelona;57;14;2024;3;30;89;V
8;Barcelona;19;Barcelona;57;14;2024;3;31;80;V
8;Barcelona;19;Barcelona;57;101;2024;3;1;3.25;V
8;Barcelona;19;Barcelona;57;101;2024;3;2;3.3;V
8;Barcelona;19;Barcelona;57;101;2024;3;3;2.89;V
8;Barcelona;19;Barcelona;57;101;2024;3;4;3.11;V
8;Barcelona;19;Barcelona;57;101;2024;3;5;3.54;V
8;Barcelona;19;Barcelona;57;101;2024;3;6;NA;N
8;Barcelona;19;Barcelona;57;101;2024;3;7;3.88;V
8;Barcelona;19;Barcelona;57;101;2024;3;8;3.11;V
8;Barcelona;19;Barcelona;57;101;2024;3;9;3.15;V
8;Barcelona;19;Barcelona;57;101;2024;3;10;2.93;V
8;Barcelona;19;Barcelona;57;101;2024;3;11;3.1;V
8;Barcelona;19;Barcelona;57;101;2024;3;12;3.16;V
8;Barcelona;19;Barcelona;57;101;2024;3;13;4.05;V
8;Barcelona;19;Barcelona;57;101;2024;3;14;3.41;V
8;Barcelona;19;Barcelona;57;101;2024;3;15;3.72;V
8;Barcelona;19;Barcelona;57;101;2024;3;16;7.25;V
8;Barcelona;19;Barcelona;57;101;2024;3;17;4.87;V
8;Barcelona;19;Barcelona;57;101;2024;3;18;3.74;V
8;Barcelona;19;Barcelona;57;101;2024;3;19;NA;N
8;Barcelona;19;Barcelona;57;101;2024;3;20;3.89;V
8;Barcelona;19;Barcelona;57;101;2024;3;21;3.32;V
8;Barcelona;19;Barcelona;57;101;2024;3;22;4.34;V
8;Barcelona;19;Barcelona;57;101;2024;3;23;4.62;V
8;Barcelona;19;Barcelona;57;101;2024;3;24;3.43;V
8;Barcelona;19;Barcelona;57;101;2024;3;25;3.24;V
8;Barcelona;19;Barcelona;57;101;2024;3;26;2.98;V
8;Barcelona;19;Barcelona;57;101;2024;3;27;2.72;V
8;Barcelona;19;Barcelona;57;101;2024;3;28;3.12;V
8;Barcelona;19;Barcelona;57;101;2024;3;29;3.36;V
8;Barcelona;19;Barcelona;57;101;2024;3;30;3.86;V
8;Barcelona;19;Barcelona;57;101;2024;3;31;2.98;V
8;Barcelona;19;Barcelona;57;106;2024;3;1;0.3;V
8;Barcelona;19;Barcelona;57;106;2024;3;2;0.19;V
8;Barcelona;19;Barcelona;57;106;2024;3;3;0.26;V
8;Barcelona;19;Barcelona;57;106;2024;3;4;0.47;V
8;Barcelona;19;Barcelona;57;106;2024;3;5;0.3;V
8;Barcelona;19;Barcelona;57;106;2024;3;6;NA;N
8;Barcelona;19;Barcelona;57;106;2024;3;7;0.29;V
8;Barcelona;19;Barcelona;57;106;2024;3;8;0.33;V
8;Barcelona;19;Barcelona;57;106;2024;3;9;0.22;V
8;Barcelona;19;Barcelona;57;106;2024;3;10;0.34;V
8;Barcelona;19;Barcelona;57;106;2024;3;11;0.26;V
8;Barcelona;19;Barcelona;57;106;2024;3;12;0.3;V
8;Barcelona;19;Barcelona;57;106;2024;3;13;0.25;V
8;Barcelona;19;Barcelona;57;106;2024;3;14;0.23;V
8;Barcelona;19;Barcelona;57;106;2024;3;15;0.27;V
8;Barcelona;19;Barcelona;57;106;2024;3;16;0.22;V
8;Barcelona;19;Barcelona;57;106;2024;3;17;0.13;V
8;Barcelona;19;Barcelona;57;106;2024;3;18;0.24;V
8;Barcelona;19;Barcelona;57;106;2024;3;19;NA;N
8;Barcelona;19;Barcelona;57;106;2024;3;20;0.16;V
8;Barcelona;19;Barcelona;57;106;2024;3;21;0.26;V
8;Barcelona;19;Barcelona;57;106;2024;3;22;0.29;V
8;Barcelona;19;Barcelona;57;106;2024;3;23;0.41;V
8;Barcelona;19;Barcelona;57;106;2024;3;24;0.23;V
8;Barcelona;19;Barcelona;57;106;2024;3;25;0.23;V
8;Barcelona;19;Barcelona;57;106;2024;3;26;0.26;V
8;Barcelona;19;Barcelona;57;106;2024;3;27;0.42;V
8;Barcelona;19;Barcelona;57;106;2024;3;28;0.35;V
8;Barcelona;19;Barcelona;57;106;2024;3;29;0.27;V
8;Barcelona;19;Barcelona;57;106;2024;3;30;0.35;V
8;Barcelona;19;Barcelona;57;106;2024;3;31;0.37;V
8;Barcelona;19;Barcelona;57;107;2024;3;1;2.77;V
8;Barcelona;19;Barcelona;57;107;2024;3;2;1.53;V
8;Barcelona;19;Barcelona;57;107;2024;3;3;2.23;V
8;Barcelona;19;Barcelona;57;107;2024;3;4;3.04;V
8;Barcelona;19;Barcelona;57;107;2024;3;5;2.73;V
8;Barcelona;19;Barcelona;57;107;2024;3;6;NA;N
8;Barcelona;19;Barcelona;57;107;2024;3;7;6.59;V
8;Barcelona;19;Barcelona;57;107;2024;3;8;2.42;V
8;Barcelona;19;Barcelona;57;107;2024;3;9;1.22;V
8;Barcelona;19;Barcelona;57;107;2024;3;10;1.52;V
8;Barcelona;19;Barcelona;57;107;2024;3;11;2.31;V
8;Barcelona;19;Barcelona;57;107;2024;3;12;3.13;V
8;Barcelona;19;Barcelona;57;107;2024;3;13;10.03;V
8;Barcelona;19;Barcelona;57;107;2024;3;14;2.28;V
8;Barcelona;19;Barcelona;57;107;2024;3;15;3.54;V
8;Barcelona;19;Barcelona;57;107;2024;3;16;13.4;V
8;Barcelona;19;Barcelona;57;107;2024;3;17;1.77;V
8;Barcelona;19;Barcelona;57;107;2024;3;18;9.36;V
8;Barcelona;19;Barcelona;57;107;2024;3;19;NA;N
8;Barcelona;19;Barcelona;57;107;2024;3;20;2.4;V
8;Barcelona;19;Barcelona;57;107;2024;3;21;2.3;V
8;Barcelona;19;Barcelona;57;107;2024;3;22;5.46;V
8;Barcelona;19;Barcelona;57;107;2024;3;23;5.87;V
8;Barcelona;19;Barcelona;57;107;2024;3;24;1.36;V
8;Barcelona;19;Barcelona;57;107;2024;3;25;2.19;V
8;Barcelona;19;Barcelona;57;107;2024;3;26;3.86;V
8;Barcelona;19;Barcelona;57;107;2024;3;27;1.81;V
8;Barcelona;19;Barcelona;57;107;2024;3;28;1.56;V
8;Barcelona;19;Barcelona;57;107;2024;3;29;1.65;V
8;Barcelona;19;Barcelona;57;107;2024;3;30;1.96;V
8;Barcelona;19;Barcelona;57;107;2024;3;31;1.5;V
8;Barcelona;19;Barcelona;57;108;2024;3;1;7.82;V
8;Barcelona;19;Barcelona;57;108;2024;3;2;6.22;V
8;Barcelona;19;Barcelona;57;108;2024;3;3;9.47;V
8;Barcelona;19;Barcelona;57;108;2024;3;4;9.35;V
8;Barcelona;19;Barcelona;57;108;2024;3;5;8.16;V
8;Barcelona;19;Barcelona;57;108;2024;3;6;NA;N
8;Barcelona;19;Barcelona;57;108;2024;3;7;36.02;V
8;Barcelona;19;Barcelona;57;108;2024;3;8;8.62;V
8;Barcelona;19;Barcelona;57;108;2024;3;9;9.79;V
8;Barcelona;19;Barcelona;57;108;2024;3;10;4.99;V
8;Barcelona;19;Barcelona;57;108;2024;3;11;6.2;V
8;Barcelona;19;Barcelona;57;108;2024;3;12;13.7;V
8;Barcelona;19;Barcelona;57;108;2024;3;13;27.61;V
8;Barcelona;19;Barcelona;57;108;2024;3;14;8.78;V
8;Barcelona;19;Barcelona;57;108;2024;3;15;16.05;V
8;Barcelona;19;Barcelona;57;108;2024;3;16;43.19;V
8;Barcelona;19;Barcelona;57;108;2024;3;17;6.87;V
8;Barcelona;19;Barcelona;57;108;2024;3;18;20.19;V
8;Barcelona;19;Barcelona;57;108;2024;3;19;NA;N
8;Barcelona;19;Barcelona;57;108;2024;3;20;11.31;V
8;Barcelona;19;Barcelona;57;108;2024;3;21;11.17;V
8;Barcelona;19;Barcelona;57;108;2024;3;22;26.96;V
8;Barcelona;19;Barcelona;57;108;2024;3;23;26.7;V
8;Barcelona;19;Barcelona;57;108;2024;3;24;10.64;V
8;Barcelona;19;Barcelona;57;108;2024;3;25;27.98;V
8;Barcelona;19;Barcelona;57;108;2024;3;26;21.99;V
8;Barcelona;19;Barcelona;57;108;2024;3;27;5.34;V
8;Barcelona;19;Barcelona;57;108;2024;3;28;4.47;V
8;Barcelona;19;Barcelona;57;108;2024;3;29;4.5;V
8;Barcelona;19;Barcelona;57;108;2024;3;30;5.23;V
8;Barcelona;19;Barcelona;57;108;2024;3;31;5.74;V
8;Barcelona;19;Barcelona;57;109;2024;3;1;3.1;V
8;Barcelona;19;Barcelona;57;109;2024;3;2;5.7;V
8;Barcelona;19;Barcelona;57;109;2024;3;3;2.5;V
8;Barcelona;19;Barcelona;57;109;2024;3;4;2;V
8;Barcelona;19;Barcelona;57;109;2024;3;5;4;V
8;Barcelona;19;Barcelona;57;109;2024;3;6;NA;N
8;Barcelona;19;Barcelona;57;109;2024;3;7;11.9;V
8;Barcelona;19;Barcelona;57;109;2024;3;8;1.4;V
8;Barcelona;19;Barcelona;57;109;2024;3;9;7.8;V
8;Barcelona;19;Barcelona;57;109;2024;3;10;2.6;V
8;Barcelona;19;Barcelona;57;109;2024;3;11;2.3;V
8;Barcelona;19;Barcelona;57;109;2024;3;12;4.4;V
8;Barcelona;19;Barcelona;57;109;2024;3;13;10;V
8;Barcelona;19;Barcelona;57;109;2024;3;14;7.5;V
8;Barcelona;19;Barcelona;57;109;2024;3;15;16.7;V
8;Barcelona;19;Barcelona;57;109;2024;3;16;21.8;V
8;Barcelona;19;Barcelona;57;109;2024;3;17;20.6;V
8;Barcelona;19;Barcelona;57;109;2024;3;18;24.5;V
8;Barcelona;19;Barcelona;57;109;2024;3;19;NA;N
8;Barcelona;19;Barcelona;57;109;2024;3;20;4.1;V
8;Barcelona;19;Barcelona;57;109;2024;3;21;8.7;V
8;Barcelona;19;Barcelona;57;109;2024;3;22;13;V
8;Barcelona;19;Barcelona;57;109;2024;3;23;12;V
8;Barcelona;19;Barcelona;57;109;2024;3;24;4.8;V
8;Barcelona;19;Barcelona;57;109;2024;3;25;6.1;V
8;Barcelona;19;Barcelona;57;109;2024;3;26;7.9;V
8;Barcelona;19;Barcelona;57;109;2024;3;27;1.4;V
8;Barcelona;19;Barcelona;57;109;2024;3;28;1;V
8;Barcelona;19;Barcelona;57;109;2024;3;29;9.2;V
8;Barcelona;19;Barcelona;57;109;2024;3;30;1.4;V
8;Barcelona;19;Barcelona;57;109;2024;3;31;2.3;V
8;Barcelona;19;Barcelona;57;110;2024;3;1;5.9;V
8;Barcelona;19;Barcelona;57;110;2024;3;2;8.8;V
8;Barcelona;19;Barcelona;57;110;2024;3;3;3;V
8;Barcelona;19;Barcelona;57;110;2024;3;4;2.7;V
8;Barcelona;19;Barcelona;57;110;2024;3;5;5.8;V
8;Barcelona;19;Barcelona;57;110;2024;3;6;NA;N
8;Barcelona;19;Barcelona;57;110;2024;3;7;18.9;V
8;Barcelona;19;Barcelona;57;110;2024;3;8;2.1;V
8;Barcelona;19;Barcelona;57;110;2024;3;9;9;V
8;Barcelona;19;Barcelona;57;110;2024;3;10;3.9;V
8;Barcelona;19;Barcelona;57;110;2024;3;11;3;V
8;Barcelona;19;Barcelona;57;110;2024;3;12;6.5;V
8;Barcelona;19;Barcelona;57;110;2024;3;13;14;V
8;Barcelona;19;Barcelona;57;110;2024;3;14;11.5;V
8;Barcelona;19;Barcelona;57;110;2024;3;15;20.2;V
8;Barcelona;19;Barcelona;57;110;2024;3;16;27.5;V
8;Barcelona;19;Barcelona;57;110;2024;3;17;22.2;V
8;Barcelona;19;Barcelona;57;110;2024;3;18;27;V
8;Barcelona;19;Barcelona;57;110;2024;3;19;NA;N
8;Barcelona;19;Barcelona;57;110;2024;3;20;6;V
8;Barcelona;19;Barcelona;57;110;2024;3;21;11.1;V
8;Barcelona;19;Barcelona;57;110;2024;3;22;27.1;V
8;Barcelona;19;Barcelona;57;110;2024;3;23;17.9;V
8;Barcelona;19;Barcelona;57;110;2024;3;24;6;V
8;Barcelona;19;Barcelona;57;110;2024;3;25;8.2;V
8;Barcelona;19;Barcelona;57;110;2024;3;26;8.8;V
8;Barcelona;19;Barcelona;57;110;2024;3;27;2;V
8;Barcelona;19;Barcelona;57;110;2024;3;28;2.1;V
8;Barcelona;19;Barcelona;57;110;2024;3;29;10.9;V
8;Barcelona;19;Barcelona;57;110;2024;3;30;2;V
8;Barcelona;19;Barcelona;57;110;2024;3;31;3.3;V
8;Barcelona;19;Barcelona;57;112;2024;3;1;12.05;V
8;Barcelona;19;Barcelona;57;112;2024;3;2;8.55;V
8;Barcelona;19;Barcelona;57;112;2024;3;3;12.87;V
8;Barcelona;19;Barcelona;57;112;2024;3;4;13.99;V
8;Barcelona;19;Barcelona;57;112;2024;3;5;12.34;V
8;Barcelona;19;Barcelona;57;112;2024;3;6;NA;N
8;Barcelona;19;Barcelona;57;112;2024;3;7;46.08;V
8;Barcelona;19;Barcelona;57;112;2024;3;8;12.32;V
8;Barcelona;19;Barcelona;57;112;2024;3;9;11.66;V
8;Barcelona;19;Barcelona;57;112;2024;3;10;7.31;V
8;Barcelona;19;Barcelona;57;112;2024;3;11;9.73;V
8;Barcelona;19;Barcelona;57;112;2024;3;12;18.47;V
8;Barcelona;19;Barcelona;57;112;2024;3;13;42.93;V
8;Barcelona;19;Barcelona;57;112;2024;3;14;12.27;V
8;Barcelona;19;Barcelona;57;112;2024;3;15;21.45;V
8;Barcelona;19;Barcelona;57;112;2024;3;16;63.66;V
8;Barcelona;19;Barcelona;57;112;2024;3;17;9.58;V
8;Barcelona;19;Barcelona;57;112;2024;3;18;34.48;V
8;Barcelona;19;Barcelona;57;112;2024;3;19;NA;N
8;Barcelona;19;Barcelona;57;112;2024;3;20;14.97;V
8;Barcelona;19;Barcelona;57;112;2024;3;21;14.68;V
8;Barcelona;19;Barcelona;57;112;2024;3;22;35.3;V
8;Barcelona;19;Barcelona;57;112;2024;3;23;35.68;V
8;Barcelona;19;Barcelona;57;112;2024;3;24;12.72;V
8;Barcelona;19;Barcelona;57;112;2024;3;25;31.33;V
8;Barcelona;19;Barcelona;57;112;2024;3;26;27.89;V
8;Barcelona;19;Barcelona;57;112;2024;3;27;8.1;V
8;Barcelona;19;Barcelona;57;112;2024;3;28;6.86;V
8;Barcelona;19;Barcelona;57;112;2024;3;29;7.02;V
8;Barcelona;19;Barcelona;57;112;2024;3;30;8.22;V
8;Barcelona;19;Barcelona;57;112;2024;3;31;8.03;V
8;Barcelona;19;Barcelona;57;114;2024;3;1;65.2;V
8;Barcelona;19;Barcelona;57;114;2024;3;2;84.2;V
8;Barcelona;19;Barcelona;57;114;2024;3;3;64.6;V
8;Barcelona;19;Barcelona;57;114;2024;3;4;70.5;V
8;Barcelona;19;Barcelona;57;114;2024;3;5;59.8;V
8;Barcelona;19;Barcelona;57;114;2024;3;6;NA;N
8;Barcelona;19;Barcelona;57;114;2024;3;7;57.9;V
8;Barcelona;19;Barcelona;57;114;2024;3;8;80.8;V
8;Barcelona;19;Barcelona;57;114;2024;3;9;77.7;V
8;Barcelona;19;Barcelona;57;114;2024;3;10;77.8;V
8;Barcelona;19;Barcelona;57;114;2024;3;11;68.7;V
8;Barcelona;19;Barcelona;57;114;2024;3;12;72.8;V
8;Barcelona;19;Barcelona;57;114;2024;3;13;53.6;V
8;Barcelona;19;Barcelona;57;114;2024;3;14;93.2;V
8;Barcelona;19;Barcelona;57;114;2024;3;15;75.5;V
8;Barcelona;19;Barcelona;57;114;2024;3;16;46.2;V
8;Barcelona;19;Barcelona;57;114;2024;3;17;90.7;V
8;Barcelona;19;Barcelona;57;114;2024;3;18;55.9;V
8;Barcelona;19;Barcelona;57;114;2024;3;19;NA;N
8;Barcelona;19;Barcelona;57;114;2024;3;20;77.3;V
8;Barcelona;19;Barcelona;57;114;2024;3;21;80.7;V
8;Barcelona;19;Barcelona;57;114;2024;3;22;62.3;V
8;Barcelona;19;Barcelona;57;114;2024;3;23;57.8;V
8;Barcelona;19;Barcelona;57;114;2024;3;24;66.1;V
8;Barcelona;19;Barcelona;57;114;2024;3;25;57.1;V
8;Barcelona;19;Barcelona;57;114;2024;3;26;52.5;V
8;Barcelona;19;Barcelona;57;114;2024;3;27;73.6;V
8;Barcelona;19;Barcelona;57;114;2024;3;28;85.1;V
8;Barcelona;19;Barcelona;57;114;2024;3;29;78;V
8;Barcelona;19;Barcelona;57;114;2024;3;30;89.4;V
8;Barcelona;19;Barcelona;57;114;2024;3;31;79.7;V
8;Barcelona;19;Barcelona;58;7;2024;3;1;1;V
8;Barcelona;19;Barcelona;58;7;2024;3;2;1;V
8;Barcelona;19;Barcelona;58;7;2024;3;3;1;V
8;Barcelona;19;Barcelona;58;7;2024;3;4;1;V
8;Barcelona;19;Barcelona;58;7;2024;3;5;2;V
8;Barcelona;19;Barcelona;58;7;2024;3;6;2;V
8;Barcelona;19;Barcelona;58;7;2024;3;7;3;V
8;Barcelona;19;Barcelona;58;7;2024;3;8;1;V
8;Barcelona;19;Barcelona;58;7;2024;3;9;1;V
8;Barcelona;19;Barcelona;58;7;2024;3;10;1;V
8;Barcelona;19;Barcelona;58;7;2024;3;11;2;V
8;Barcelona;19;Barcelona;58;7;2024;3;12;1;V
8;Barcelona;19;Barcelona;58;7;2024;3;13;7;V
8;Barcelona;19;Barcelona;58;7;2024;3;14;3;V
8;Barcelona;19;Barcelona;58;7;2024;3;15;2;V
8;Barcelona;19;Barcelona;58;7;2024;3;16;8;V
8;Barcelona;19;Barcelona;58;7;2024;3;17;3;V
8;Barcelona;19;Barcelona;58;7;2024;3;18;4;V
8;Barcelona;19;Barcelona;58;7;2024;3;19;22;V
8;Barcelona;19;Barcelona;58;7;2024;3;20;2;V
8;Barcelona;19;Barcelona;58;7;2024;3;21;1;V
8;Barcelona;19;Barcelona;58;7;2024;3;22;5;V
8;Barcelona;19;Barcelona;58;7;2024;3;23;4;V
8;Barcelona;19;Barcelona;58;7;2024;3;24;1;V
8;Barcelona;19;Barcelona;58;7;2024;3;25;1;V
8;Barcelona;19;Barcelona;58;7;2024;3;26;2;V
8;Barcelona;19;Barcelona;58;7;2024;3;27;1;V
8;Barcelona;19;Barcelona;58;7;2024;3;28;1;V
8;Barcelona;19;Barcelona;58;7;2024;3;29;1;V
8;Barcelona;19;Barcelona;58;7;2024;3;30;1;V
8;Barcelona;19;Barcelona;58;7;2024;3;31;1;V
8;Barcelona;19;Barcelona;58;8;2024;3;1;5;V
8;Barcelona;19;Barcelona;58;8;2024;3;2;5;V
8;Barcelona;19;Barcelona;58;8;2024;3;3;5;V
8;Barcelona;19;Barcelona;58;8;2024;3;4;4;V
8;Barcelona;19;Barcelona;58;8;2024;3;5;5;V
8;Barcelona;19;Barcelona;58;8;2024;3;6;9;V
8;Barcelona;19;Barcelona;58;8;2024;3;7;24;V
8;Barcelona;19;Barcelona;58;8;2024;3;8;4;V
8;Barcelona;19;Barcelona;58;8;2024;3;9;7;V
8;Barcelona;19;Barcelona;58;8;2024;3;10;2;V
8;Barcelona;19;Barcelona;58;8;2024;3;11;5;V
8;Barcelona;19;Barcelona;58;8;2024;3;12;9;V
8;Barcelona;19;Barcelona;58;8;2024;3;13;24;V
8;Barcelona;19;Barcelona;58;8;2024;3;14;11;V
8;Barcelona;19;Barcelona;58;8;2024;3;15;13;V
8;Barcelona;19;Barcelona;58;8;2024;3;16;35;V
8;Barcelona;19;Barcelona;58;8;2024;3;17;13;V
8;Barcelona;19;Barcelona;58;8;2024;3;18;16;V
8;Barcelona;19;Barcelona;58;8;2024;3;19;58;V
8;Barcelona;19;Barcelona;58;8;2024;3;20;11;V
8;Barcelona;19;Barcelona;58;8;2024;3;21;6;V
8;Barcelona;19;Barcelona;58;8;2024;3;22;22;V
8;Barcelona;19;Barcelona;58;8;2024;3;23;21;V
8;Barcelona;19;Barcelona;58;8;2024;3;24;5;V
8;Barcelona;19;Barcelona;58;8;2024;3;25;20;V
8;Barcelona;19;Barcelona;58;8;2024;3;26;14;V
8;Barcelona;19;Barcelona;58;8;2024;3;27;3;V
8;Barcelona;19;Barcelona;58;8;2024;3;28;3;V
8;Barcelona;19;Barcelona;58;8;2024;3;29;5;V
8;Barcelona;19;Barcelona;58;8;2024;3;30;4;V
8;Barcelona;19;Barcelona;58;8;2024;3;31;1;V
8;Barcelona;19;Barcelona;58;10;2024;3;1;10;V
8;Barcelona;19;Barcelona;58;10;2024;3;2;15;V
8;Barcelona;19;Barcelona;58;10;2024;3;3;8;V
8;Barcelona;19;Barcelona;58;10;2024;3;4;9;V
8;Barcelona;19;Barcelona;58;10;2024;3;5;NA;N
8;Barcelona;19;Barcelona;58;10;2024;3;6;15;V
8;Barcelona;19;Barcelona;58;10;2024;3;7;17;V
8;Barcelona;19;Barcelona;58;10;2024;3;8;5;V
8;Barcelona;19;Barcelona;58;10;2024;3;9;NA;N
8;Barcelona;19;Barcelona;58;10;2024;3;10;NA;N
8;Barcelona;19;Barcelona;58;10;2024;3;11;1;V
8;Barcelona;19;Barcelona;58;10;2024;3;12;14;V
8;Barcelona;19;Barcelona;58;10;2024;3;13;24;V
8;Barcelona;19;Barcelona;58;10;2024;3;14;22;V
8;Barcelona;19;Barcelona;58;10;2024;3;15;23;V
8;Barcelona;19;Barcelona;58;10;2024;3;16;32;V
8;Barcelona;19;Barcelona;58;10;2024;3;17;35;V
8;Barcelona;19;Barcelona;58;10;2024;3;18;NA;N
8;Barcelona;19;Barcelona;58;10;2024;3;19;38;V
8;Barcelona;19;Barcelona;58;10;2024;3;20;12;V
8;Barcelona;19;Barcelona;58;10;2024;3;21;17;V
8;Barcelona;19;Barcelona;58;10;2024;3;22;56;V
8;Barcelona;19;Barcelona;58;10;2024;3;23;34;V
8;Barcelona;19;Barcelona;58;10;2024;3;24;12;V
8;Barcelona;19;Barcelona;58;10;2024;3;25;10;V
8;Barcelona;19;Barcelona;58;10;2024;3;26;11;V
8;Barcelona;19;Barcelona;58;10;2024;3;27;7;V
8;Barcelona;19;Barcelona;58;10;2024;3;28;9;V
8;Barcelona;19;Barcelona;58;10;2024;3;29;33;V
8;Barcelona;19;Barcelona;58;10;2024;3;30;6;V
8;Barcelona;19;Barcelona;58;10;2024;3;31;9;V
8;Barcelona;19;Barcelona;58;12;2024;3;1;7;V
8;Barcelona;19;Barcelona;58;12;2024;3;2;6;V
8;Barcelona;19;Barcelona;58;12;2024;3;3;6;V
8;Barcelona;19;Barcelona;58;12;2024;3;4;5;V
8;Barcelona;19;Barcelona;58;12;2024;3;5;8;V
8;Barcelona;19;Barcelona;58;12;2024;3;6;11;V
8;Barcelona;19;Barcelona;58;12;2024;3;7;28;V
8;Barcelona;19;Barcelona;58;12;2024;3;8;5;V
8;Barcelona;19;Barcelona;58;12;2024;3;9;7;V
8;Barcelona;19;Barcelona;58;12;2024;3;10;3;V
8;Barcelona;19;Barcelona;58;12;2024;3;11;7;V
8;Barcelona;19;Barcelona;58;12;2024;3;12;11;V
8;Barcelona;19;Barcelona;58;12;2024;3;13;35;V
8;Barcelona;19;Barcelona;58;12;2024;3;14;15;V
8;Barcelona;19;Barcelona;58;12;2024;3;15;17;V
8;Barcelona;19;Barcelona;58;12;2024;3;16;46;V
8;Barcelona;19;Barcelona;58;12;2024;3;17;17;V
8;Barcelona;19;Barcelona;58;12;2024;3;18;21;V
8;Barcelona;19;Barcelona;58;12;2024;3;19;92;V
8;Barcelona;19;Barcelona;58;12;2024;3;20;14;V
8;Barcelona;19;Barcelona;58;12;2024;3;21;8;V
8;Barcelona;19;Barcelona;58;12;2024;3;22;29;V
8;Barcelona;19;Barcelona;58;12;2024;3;23;28;V
8;Barcelona;19;Barcelona;58;12;2024;3;24;6;V
8;Barcelona;19;Barcelona;58;12;2024;3;25;21;V
8;Barcelona;19;Barcelona;58;12;2024;3;26;17;V
8;Barcelona;19;Barcelona;58;12;2024;3;27;4;V
8;Barcelona;19;Barcelona;58;12;2024;3;28;3;V
8;Barcelona;19;Barcelona;58;12;2024;3;29;6;V
8;Barcelona;19;Barcelona;58;12;2024;3;30;5;V
8;Barcelona;19;Barcelona;58;12;2024;3;31;1;V
8;Barcelona;19;Barcelona;58;14;2024;3;1;68;V
8;Barcelona;19;Barcelona;58;14;2024;3;2;89;V
8;Barcelona;19;Barcelona;58;14;2024;3;3;67;V
8;Barcelona;19;Barcelona;58;14;2024;3;4;79;V
8;Barcelona;19;Barcelona;58;14;2024;3;5;63;V
8;Barcelona;19;Barcelona;58;14;2024;3;6;72;V
8;Barcelona;19;Barcelona;58;14;2024;3;7;71;V
8;Barcelona;19;Barcelona;58;14;2024;3;8;89;V
8;Barcelona;19;Barcelona;58;14;2024;3;9;NA;N
8;Barcelona;19;Barcelona;58;14;2024;3;10;81;V
8;Barcelona;19;Barcelona;58;14;2024;3;11;69;V
8;Barcelona;19;Barcelona;58;14;2024;3;12;74;V
8;Barcelona;19;Barcelona;58;14;2024;3;13;58;V
8;Barcelona;19;Barcelona;58;14;2024;3;14;90;V
8;Barcelona;19;Barcelona;58;14;2024;3;15;81;V
8;Barcelona;19;Barcelona;58;14;2024;3;16;77;V
8;Barcelona;19;Barcelona;58;14;2024;3;17;83;V
8;Barcelona;19;Barcelona;58;14;2024;3;18;69;V
8;Barcelona;19;Barcelona;58;14;2024;3;19;39;V
8;Barcelona;19;Barcelona;58;14;2024;3;20;80;V
8;Barcelona;19;Barcelona;58;14;2024;3;21;83;V
8;Barcelona;19;Barcelona;58;14;2024;3;22;72;V
8;Barcelona;19;Barcelona;58;14;2024;3;23;67;V
8;Barcelona;19;Barcelona;58;14;2024;3;24;65;V
8;Barcelona;19;Barcelona;58;14;2024;3;25;59;V
8;Barcelona;19;Barcelona;58;14;2024;3;26;54;V
8;Barcelona;19;Barcelona;58;14;2024;3;27;76;V
8;Barcelona;19;Barcelona;58;14;2024;3;28;88;V
8;Barcelona;19;Barcelona;58;14;2024;3;29;78;V
8;Barcelona;19;Barcelona;58;14;2024;3;30;90;V
8;Barcelona;19;Barcelona;58;14;2024;3;31;82;V
